조사년도,해역,연안명칭,수온 표층,수온 저층,염분 표층,염분 저층,수소이온농도 표층,수소이온농도 저층,용존산소량 표층,용존산소량 저층,화학적산소요구량 표층,화학적산소요구량 저층,암모니아질소 표층,암모니아질소 저층,아질산성 질소 표층,아질산성 질소 저층,질산성질소 표층,질산성질소 저층,용존무기질소 표층,용존무기질소 저층,총질소 표층,총질소 저층,용존무기인 표층,용존무기인 저층,총인 표층,총인 저층,규산규소 표층,규산규소 저층,부유물질 표층,부유물질 저층,클로필드 표층,클로필드 저층,투명도 표층
2017,동해,거진연안,15.54,11.77,33.27,33.8,8.22,8.16,8.49,8.41,0.82,0.84,1.78,2.31,2.07,2.73,34.29,82.71,38.14,87.75,141.2,161.42,8,15.72,16.89,22.66,191.86,338.13,5.23,6.57,1,0.69,8.91
2017,동해,속초연안,15.12,12.24,33.59,33.86,8.21,8.15,8.53,8.16,0.94,0.87,3.12,2.7,2.4,2.94,33.15,78.85,38.66,84.5,144.16,184.06,7.83,14.9,14.87,22.44,186.39,301.24,5.73,5.58,1.01,0.66,9.18
2017,동해,양양연안,15.56,11.87,33.04,33.92,8.25,8.16,8.55,8.21,0.99,1.01,2.1,2.78,2.06,2.95,28.73,88.62,32.89,94.36,130.25,198.67,7.42,16.84,14.15,24.04,169.27,324.87,4.55,4.91,1.05,0.78,10.37
2017,동해,주문진연안,15.47,13.88,33.35,33.82,8.22,8.18,8.69,8.36,0.93,1.01,3.33,3.09,2.02,3.59,29.45,58.19,34.8,64.87,127.67,163.82,8.49,11.79,15.25,19.38,162.36,230.49,5.76,5.57,1.11,1.13,9.71
2017,동해,강릉연안,16.14,11.18,33.55,33.93,8.25,8.13,8.38,7.98,1.12,1.14,5.56,4.46,2.25,3.33,30,98.33,37.8,106.12,126.05,211.51,7.75,17.41,13.61,25.21,163.99,327.31,3.8,5.61,0.74,0.47,10.86
2017,동해,동해연안,15.95,12.25,33.48,34.09,7.98,7.91,8.43,8.01,0.94,1.06,3.31,3.79,2.64,4.69,38.65,84.4,44.59,92.88,135.37,191.66,8.17,15.47,15.62,22.11,183.27,316.68,5.66,4.77,0.95,0.43,11.5
2017,동해,삼척연안,15.52,11.31,33.01,34.09,8.21,8.11,8.58,7.93,1.02,1.3,3.85,4.04,2.85,4.33,53.83,111.6,60.54,119.97,176.45,216.12,9.33,19.79,17.52,25.6,205.95,381.5,4.86,4.94,1.24,0.48,11.69
2017,동해,죽변연안,16.2,12.58,32.78,34.06,8.25,8.15,9.19,8.16,1.32,1.49,2.87,2.85,2.02,4.37,33.7,81.2,38.59,88.41,140.1,170.66,7.88,15.3,15.65,21,163.69,302.28,7.47,7.72,2.28,1.26,9.07
2017,동해,후포연안,15.61,10.82,33.97,34.23,8.25,8.13,8.7,7.92,1.15,1.61,3.78,2.48,2.5,4.71,30.84,110.99,37.12,118.18,132.94,201.66,7.66,19.43,14.72,24.97,166.37,369.74,3.89,3.55,1.95,1.32,8.55
2017,동해,축산연안,15.55,8,33.96,34.15,8.26,8.06,8.74,7.96,1.13,1.74,3.05,3.99,2.55,4.57,30.24,138.01,35.84,146.56,125.51,226.39,8.47,22.95,13.43,29.77,180.81,450.63,3.96,4.21,1.37,1.22,9.85
2017,동해,강구연안,15.83,9.69,33.53,34.22,8.27,8.12,9.33,8.06,0.96,1.09,2.89,3.44,2.55,4.86,26.69,114.22,32.13,122.52,147.43,224.45,7.58,21.44,15.32,29.87,162.66,390.82,7.49,5.18,2.23,1.37,6.98
2017,동해,월포연안,16.35,10.88,33.66,34.22,8.26,8.14,8.96,7.69,0.95,1.2,3.99,4.78,2.38,5.7,28.73,96.45,35.1,106.93,134.16,194.73,7.82,19.82,15.51,24.82,157.55,353.83,3.68,5.48,1.22,0.89,8.49
2017,동해,영일만,16.17,13.1,33.73,34.05,8.27,8.2,9.01,8.26,1.38,1.6,5.81,7.17,3.06,4.6,30.09,52.15,38.97,63.92,159.12,174.1,7.68,13.18,17.87,20.93,156.04,301.87,6.13,6.09,2.3,1.93,6.12
2017,동해,구룡포연안,18.19,13.71,33.31,34.09,8.17,8.11,8.08,7.58,1.27,1.53,2,2,3.63,4.75,50.87,86.97,56.5,93.72,144.38,189.42,12.73,16.62,18.82,24.03,254.66,342.13,4.42,4.54,1,0.85,8.2
2017,동해,감포연안,18.4,12.98,33.49,34.19,8.17,8.07,7.98,7.3,1.1,1.01,3.37,4.3,3.66,6.13,47.42,110.14,54.44,120.57,142.74,209.62,9.91,20.76,15.07,24.53,238.74,423.34,3.75,5.7,1.15,0.72,8.36
2017,남해,울산연안,17.19,15.19,32.99,33.55,8.13,8.1,7.95,7.44,1.24,1.34,38.7,34.1,7.07,6.23,118.78,106.7,164.56,148.31,307.69,288.03,15.59,15.14,25.71,26.53,309.12,356.29,7.21,7.66,2.25,1.89,4.13
2017,남해,온산연안,17.38,14.79,33.22,33.72,8.12,8.02,8.43,7.46,1.43,1.42,16.16,19.46,4.79,4.96,101.6,111.41,122.55,135.83,250.93,264.2,12.42,14.33,21.25,23.43,262.21,389.75,6.19,7.3,2.45,1.72,4.37
2017,남해,기장연안,15.78,14.33,33.95,34.11,8.16,8.13,7.8,7.28,0.88,1.02,5.6,5.89,7.14,7.55,75.62,95.1,88.36,108.54,160.1,180.69,14.03,15.1,20.26,21.71,309.56,344.73,5.18,7.35,1.35,0.68,3.58
2017,남해,부산연안,17.63,15.54,33.28,33.87,8.19,8.14,8.1,7.38,1.3,1.17,22.56,15.93,7.16,6.36,88.61,79.13,118.33,101.42,232.68,216.81,13.08,13.8,25.64,24.69,244.82,305.99,6.18,8.28,2.37,1.27,3.45
2017,남해,낙동강하구,17.67,14.79,32.81,33.98,8.2,8.12,7.9,6.87,1.66,1.53,15.03,12.87,8.21,7.07,79.86,121.29,103.09,141.23,227.8,237.74,11.5,16.85,20.4,24.98,288.35,418.96,4.89,9.47,2.32,1.41,3.4
2017,남해,신항연안,17.25,16.68,32.25,32.7,8.17,8.17,8.06,7.32,1.73,1.62,52.95,46.36,10.04,8.71,191.35,106.97,254.33,162.03,375.5,267.84,14.29,13.09,24.53,24.96,348.79,327.77,9.78,11.39,1.88,2.03,1.58
2017,남해,행암만,17.77,17.3,31.58,32.02,8.31,8.24,9.76,8.36,2.12,2.27,163.42,104.47,14.37,4.56,41.33,13.9,219.11,122.93,434.41,312.37,10.03,8.81,30.55,24.93,108.82,117.5,6.54,9.31,6.09,5.46,2.64
2017,남해,마산만,17.03,16.47,30.71,31.81,8.24,8.18,8.62,7.16,2.27,2.42,64.87,64.36,5.92,4.68,73.64,29.24,144.43,98.28,332.09,298.94,11.62,11.63,31.99,29.62,526.9,316.32,7.71,8.05,5.13,4.59,3.17
2017,남해,진해만,17.64,15.93,31.89,32.72,8.19,8.09,8.42,7.15,1.85,1.82,15.47,14.45,3.66,5.17,14.17,19.26,33.3,38.88,166.86,173.68,11.06,12.36,20.35,22.22,267.45,410.86,5.16,7.58,1.71,1.91,5.53
2017,남해,거제도동안,18.06,14.96,33.08,33.97,8.21,8.11,8.31,7.12,1.32,1.65,4.21,4.09,6.2,8.15,44.61,84.18,55.03,96.41,154.46,173.46,13.71,13.98,18.11,21.2,215.02,364.6,3.83,6.98,1.7,0.76,5.76
2017,남해,거제도남안,17.79,15.98,33.57,33.77,8.13,8.08,7.9,7.14,1.27,1.63,7.02,7.14,6.43,7.92,35.5,57.91,48.95,72.96,149.62,170.58,14.82,14.13,19.31,21.18,298.75,398.84,4.23,5.3,1.15,0.82,5.63
2017,남해,통영연안,17.62,16.53,33.08,33.25,8.13,8.11,8.3,7.79,1.4,1.14,10.29,11.97,5.09,6.93,26.88,31.94,42.26,50.85,179.98,180.05,13.49,12.22,22.02,22.63,298.18,377.85,6.03,8.28,2.13,2.25,3.58
2017,남해,통영외안,17.89,15.97,33.37,33.65,8.19,8.12,8.46,7.31,1.36,1.12,4.85,5.94,6.76,10.31,26.88,42.15,38.49,58.39,136.69,165.96,13.53,12.72,18.83,20.66,237.12,341.78,6.24,7.61,1.29,0.89,4.87
2017,남해,고성자란만,18,16.89,33.08,33.13,8.11,8.09,7.71,7.7,1.4,1.49,11.24,13.29,2.84,3.51,9.96,9.78,24.04,26.58,139.66,148.31,13.42,12.42,18.68,20.61,352.26,398.96,6.06,5.97,1.22,1.5,4.49
2017,남해,사천연안,17.56,16.89,33.06,33.12,8.15,8.14,7.62,7.36,1.18,1.71,14.04,13.78,2.81,3.7,16.51,14.92,33.36,32.4,157.32,181.71,16.21,14.96,30.62,30.87,296.19,308.33,7.49,8.63,1.91,1.77,3.86
2017,남해,진주만,16.59,16.28,32.87,32.89,8.14,8.14,8.62,8.37,1.28,1.49,11.37,12.44,3.08,4.64,15.03,17.62,29.49,34.7,151.06,159.46,14.38,12.76,26.11,26.9,294.12,292.15,9.25,10.93,2.16,1.93,1.9
2017,남해,남해도남안,17.84,16.35,33.15,33.43,8.21,8.15,8.18,7.22,1.24,1.26,4.99,4.87,3.95,9.11,18.48,35.8,27.41,49.78,139.89,150.26,14.26,15.21,18.75,20.23,186.69,311.12,5.77,9.21,1.05,1.16,5.8
2017,남해,광양만,17.56,16.9,32.29,32.51,8.15,8.15,8.4,8.08,1.53,1.74,46.44,49.87,5.47,5.85,30.26,29.95,82.17,85.68,224.64,226.36,15.01,16.08,30.56,29.88,339.83,341.86,11.6,13.86,2.58,2.61,2.05
2017,남해,여수연안,17.43,16.71,32.82,33.04,8.21,8.18,8.2,7.52,1.39,1.42,10.44,12.64,3.42,5.02,13.19,16.77,27.05,34.43,163.23,177.64,14.18,13.71,23.85,25,239.15,288.76,6.93,7.77,1.85,1.86,4.42
2017,남해,가막만,17,16.57,33,33.03,8.18,8.18,8.6,8.39,1.42,1.99,20.36,19.53,2.47,3.05,12.09,21.04,34.93,43.62,159.82,140.46,10.11,8.79,22.78,21.14,176.32,190.5,8.51,7.53,1.61,1.96,3.09
2017,남해,여자만,16.89,16.61,32.56,32.67,8.18,8.18,8.75,8.6,1.51,2.11,9.9,11.02,1.8,3.6,9.96,12.61,21.65,27.24,189.69,152.18,12.94,11.18,28.95,25.33,488.72,443.81,27.2,27.81,4.22,4.27,1.27
2017,남해,고흥연안,16.77,16.3,33.02,33.03,8.18,8.18,8.18,7.8,1.4,1.46,5.64,5.12,2.63,4.33,17.87,22.9,26.13,32.35,144.77,148.94,15.53,15.03,22.91,20.18,215.79,230.3,11.85,17.61,1.66,1.88,2.4
2017,남해,득량만,17.18,16.67,32.87,32.88,8.15,8.15,8.39,8.09,1.36,1.63,9.09,14.77,2.17,2.8,22.85,25.72,34.11,43.3,171.38,162.05,10.36,8.22,24.22,23.72,360.45,367.44,18.69,21.68,3.89,3.75,1.44
2017,제주,제주연안,19.73,18.55,32.66,33.26,8.21,8.18,8.42,8.39,1.07,1.2,5.69,4.05,2.22,2.77,27.4,37.76,35.31,44.58,138.65,139,9.53,11.13,14.74,14.39,158.87,191.46,1.75,2.42,0.21,0.2,12.5
2017,제주,조천연안,19.77,17.66,32.86,33.58,8.22,8.15,8.35,8.09,0.76,0.99,2.5,7.57,3.07,3.72,28.55,48.58,34.12,59.88,129.48,141.06,10.82,10.45,13.67,14.04,182.33,222.37,1.78,2.18,0.23,0.17,12.28
2017,제주,성산연안,19.84,17.03,33.26,34.09,8.2,8.13,8.22,7.96,0.95,1.05,1.79,1.95,2.25,3.23,29.47,56.28,33.5,61.46,128.3,160.47,10.24,11.18,13.1,15.96,175.78,236.9,2.47,1.62,0.21,0.13,12.31
2017,제주,표선연안,20.86,17.88,33.21,34.05,8.22,8.14,8.05,8.02,0.98,1.2,2.22,1.54,1.85,4.63,27.42,49.6,31.48,55.77,119.01,143.11,9.49,11.05,14.62,14.77,190.24,229.46,2.06,1.56,0.21,0.17,11.95
2017,제주,서귀포연안,20.68,18.81,33.36,34.04,8.2,8.15,8.25,7.96,0.98,1.15,2.93,2.43,1.96,2.88,24.93,40.39,29.82,45.69,168.65,150.89,10.12,10.28,17.67,14.76,162.89,228.71,1.9,2.46,0.33,0.27,12.07
2017,제주,대정연안,20.28,18.74,33.39,33.97,8.19,8.16,8.04,8,1.07,1.58,5.63,6.04,2.41,2.27,21.83,36.98,29.87,45.29,123.65,135.35,9.19,10.78,13.9,13.97,139.46,173.95,2.22,2.66,0.41,0.18,12.66
2017,제주,한림연안,19.61,17.68,33.2,33.93,8.19,8.13,8.25,8.11,1.22,1.52,2.7,1.63,2.18,3.02,38.67,54.44,43.55,59.08,124.97,150.16,9.94,11.36,13.7,15.07,184.73,218.26,2.7,4.53,0.18,0.28,11.79
2017,남해,완도연안,16.04,15.7,33.06,33.06,8.18,8.19,7.77,7.75,1.34,1.69,11.53,10.77,4.4,4.65,46.75,49.01,62.68,64.43,182.32,185.48,14.06,12.12,33.84,35.75,260.76,254.56,60.33,67.06,0.81,0.73,1.72
2017,남해,도암만,17.11,16.91,32.64,32.68,8.15,8.16,7.69,7.6,1.3,1.76,23.58,22.8,4.16,3.75,47.63,42.34,75.37,68.89,261.1,260.22,16.58,13.32,29.32,36.2,514.73,464.28,63.43,72,1.83,1.55,1.28
2017,남해,진도연안,16.16,15.9,32.86,32.87,8.18,8.2,8.16,8.09,1.46,1.75,1.68,2.27,3.27,3.76,51.06,49.09,56.01,55.13,181.81,187.49,18.29,19.27,30.86,37.84,250.57,258.04,78.1,114.5,1.81,1.73,1.08
2017,서해,해남만,15.5,15.14,31.63,31.96,8.16,8.15,9.1,8.83,1.36,1.43,3.98,4.21,10.65,10.51,99.96,104.88,114.59,119.6,234.69,239.99,9.68,9.75,24.92,26.7,320.88,328.58,11.81,23.68,2.39,2.15,1.98
2017,서해,목포연안,15.66,14.95,30.75,31.94,8.16,8.1,8.85,8.14,1.45,1.34,11.68,8.93,12.73,14.11,141.51,109.69,165.92,134.61,328.37,291.41,9.94,15.79,26.1,30.35,352.21,325.79,17.38,25.9,3.29,1.62,1.61
2017,서해,신안연안,15.08,14.87,32.51,32.53,8.1,8.11,8.42,8.43,1.44,1.39,1.44,5.34,8.56,8.43,101.7,105.55,111.7,119.32,218.91,233.25,19.18,17.43,27.69,42.45,323.54,332.14,43.8,47.45,1.31,1.44,0.95
2017,서해,무안연안,16.46,16.62,30.81,32.12,8.13,8.12,8.33,8.22,1.26,1.61,11.22,14.46,6.69,6.77,75.59,70.19,93.49,91.43,242.41,227.74,12.9,13.99,32.16,35.32,298.01,286.91,75.27,85,1.93,2.04,0.75
2017,서해,함평연안,17.04,16.95,32.17,32.17,8.06,8.06,7.92,7.92,1.8,2.12,11.06,17.17,8.37,7.85,104.48,95.51,123.9,120.53,267.02,344.58,18.86,17.23,31.76,74.07,484.28,457.35,102.76,178.73,1.59,1.82,2.74
2017,서해,고창연안,15.89,15.88,32.01,31.99,8.17,8.18,9.04,8.94,1.6,1.74,10.97,10.24,2.31,2.07,24.88,27.79,38.15,40.09,238.02,221.22,9.06,9.62,35.76,42.36,161.71,169.77,46.51,58.8,5.05,4.89,1.21
2017,서해,전주포연안,14.96,14.13,31.63,31.78,8.21,8.18,9.16,8.69,1.72,1.8,4.43,4.46,2.54,2.72,28.27,28.96,35.24,36.14,185.81,175.57,10.27,10.47,21.33,21.65,189.48,212.02,9.97,13.87,3.08,3.34,2.76
2017,서해,군산연안,15.1,14.63,29.02,31,8.08,8.1,8.5,8.29,1.83,2.12,19.25,16.86,15,8.12,186.7,108.92,220.95,133.9,435.87,298.2,18.72,16.94,35.23,32.72,580.57,455.58,20.36,24.97,3.39,2.73,1.79
2017,서해,보령연안,15.19,14.83,32.05,32.06,8.16,8.16,8.84,8.79,1.51,1.67,3.08,3.02,1.78,1.69,34.34,34.48,39.2,39.19,184.2,206.14,12.05,12.34,21.19,23.37,246.73,250.01,10.83,15.34,2.49,2.21,2.59
2017,서해,천수만,15.24,14.81,32.05,32.06,8.17,8.17,8.96,8.81,1.44,1.82,7.82,9.07,2.97,3.1,20.98,22.77,31.77,34.94,199.4,199.37,11.37,11.47,22.42,23.43,271.46,275.73,12.55,13.6,3.1,2.82,2.65
2017,서해,태안연안,13.6,13.45,32.06,32.1,8.16,8.16,9.24,9.22,1.32,1.65,2.94,4,3.71,4.55,75.07,70.88,81.73,79.43,214.97,210.87,17.63,16.29,24.37,23.13,239.93,224.77,11.81,13.74,1.84,2,3.46
2017,서해,가로림연안,12.98,12.89,31.95,31.96,8.11,8.12,9.22,9.22,1.41,1.68,1.93,2.81,6.75,7.01,119.2,105.5,127.89,115.32,256.59,264.59,20.94,17.46,29.07,29.28,259.02,219.04,19.6,23.16,1.63,1.88,1.72
2017,서해,대산연안,13.61,13.52,31.58,31.58,8.12,8.13,9.11,9.06,1.6,1.76,2.14,2.2,8.07,8.65,123.87,120.17,134.08,131.03,270.08,287.14,20.04,18.43,28.55,29.15,269.99,258.15,17.73,23.23,1.39,1.78,1.7
2017,서해,아산연안,13.94,13.67,31.07,31.18,8.09,8.11,8.99,8.98,1.37,2.14,6.85,5.97,18.69,17.4,160.8,153.23,186.35,176.61,358.61,350.68,24.84,21.56,35.48,36.67,382.65,355.93,14.46,32.83,1.6,2.05,1.53
2017,서해,인천연안,14.25,14.1,30.69,30.78,8.11,8.11,9.18,9.18,1.57,2.02,54.57,49.63,17.51,16.82,210.77,189.1,282.85,255.55,450.46,434.67,22.24,17.07,45.37,46.58,332.82,510.08,29.01,38.45,2.31,2.96,1.4
2017,서해,시화호,15.28,15.11,29.89,30.09,7.81,7.81,8.74,8.53,1.77,2.45,98.69,97.82,35.44,32.38,221.61,205.31,355.73,335.51,712.08,654,35.99,35.46,76.04,61.69,571.4,521.64,7.81,10.35,2.29,2.05,1.81
2017,동해,거진항,15.9,15.91,32.5,33.08,8.21,8.22,8.22,8.06,1.41,1.21,14.75,5.95,3.47,2.41,109.74,63.83,127.95,72.18,241.61,217.57,7.79,12.35,24.74,45.52,368.16,311.33,11.7,16.73,2.47,1.71,3.75
2017,동해,속초항,16.43,16.53,32.23,33.08,8.2,8.24,8.4,8.12,1.48,1.3,17.55,9.19,6.05,2.23,90.83,48.49,114.42,59.91,233.33,188.83,7.66,10.49,23.42,29.02,225.32,227.56,6.81,5.59,1.93,1.03,3.98
2017,동해,주문진항,16.7,16.65,32.28,32.94,8.09,8.15,7.62,7.76,1.3,1.07,23.68,11.98,4.68,1.86,67.85,34.35,96.22,48.18,274.6,205.12,16.26,13,31.59,18.9,33.25,298.8,4.08,9.95,0.95,0.79,4.55
2017,동해,묵호항,16.8,16.26,33.13,33.61,8.2,8.22,8.3,8.17,1.3,1.12,5.77,4.73,4.12,3.61,82.47,47.08,92.36,55.41,247.45,168.21,9.71,11.82,21.16,20.39,144.49,234.3,6.71,8.1,1.33,1.3,6.38
2017,동해,삼척항,17.37,17.26,32.61,32.93,8.21,8.23,8.27,8.18,1.39,1.47,7.23,5.61,3.36,2.43,133.11,57.56,143.7,65.6,226.85,189.26,10.11,11.69,16.19,18.77,57.41,216.25,6.1,11.53,0.8,0.79,5.3
2017,동해,죽변항,18.08,17.62,32.87,33.16,8.17,8.17,7.43,7.21,1.77,1.51,10.22,11.93,4.3,3.4,55.03,42.61,69.55,57.94,237.5,181.34,13.9,17.08,26.46,25.34,176.78,284.8,3.23,15.43,1.83,1.3,4.55
2017,동해,후포항,16.41,13.04,33.68,34.25,8.24,8.2,8.78,8.27,1.54,1.33,5.78,7.09,3.12,3.08,26.12,39.96,35.01,50.13,208.05,178.22,10.09,13.73,15.28,16.99,47.95,201.85,5.28,6.83,1.14,2.11,6.5
2017,동해,축산항,16.12,11.71,33.9,34.38,8.27,8.16,8.62,7.83,1.43,1.17,3.57,5.28,2.84,4.61,23.82,97.2,30.23,107.09,185.73,156.04,9.36,16.83,13.85,19.68,66.68,282.95,3.48,4.3,1.06,1.89,9.55
2017,동해,강구항,16.93,15.71,33.22,33.81,8.3,8.3,9.68,9.45,1.73,1.48,6.07,6.35,2.63,2.31,90.54,25.37,99.24,34.02,221.84,207.75,7.11,9.9,15.22,15.4,264.8,120.85,7.88,7.28,2.03,2.67,3.5
2017,동해,포항 구항,17.87,15.32,33.2,33.8,8.25,8.22,9.03,8.21,1.86,1.43,16.43,14.68,9.53,4.63,54.63,35.37,80.58,54.68,393.97,179.62,9.65,11.92,19.24,18.75,177.79,215.39,7.99,7.41,5.86,2.38,3.75
2017,동해,구룡포항,19.83,19.7,33.19,33.2,8.2,8.21,8.38,8.3,1.8,1.41,4.85,25.19,3.47,2.55,41.58,32.8,49.9,60.54,235.09,162.35,11.9,12.11,18.79,16.94,122.43,117.14,4.98,5.63,1.43,1.83,5.5
2017,동해,감포항,20.43,20.17,33.17,33.2,8.17,8.17,7.69,7.69,1.6,1.65,7,16.59,3.19,3.11,34.22,41.09,44.41,60.79,216.12,188.8,10.94,14.26,18.71,18.81,151.86,152.74,5.58,6.95,1.26,1.39,3.85
2017,남해,울산항,17.53,17.06,32.05,32.37,8.11,8.11,8.16,7.81,1.8,1.78,30.42,27.39,11.03,9.12,137.32,121.7,178.77,158.2,389.7,383.21,17.14,18.09,34.95,29.77,144.38,157.16,10.43,9.58,4.34,3.76,2
2017,남해,대변항,14.56,13.95,34,34.05,8.16,8.15,7.89,7.32,1.58,1.7,14.93,7.26,7.28,7.15,79.49,98.75,101.71,113.15,228.82,240.43,16.68,20.03,29.92,33.48,313.94,362.88,5.08,7,2.98,2.5,2.3
2017,남해,부산항,17.24,14.18,32.89,33.66,8.23,8.15,8.32,7.32,1.5,1.14,15.1,9.01,6.65,7.72,70.4,113.56,92.14,130.3,265.8,258.04,12.04,19.61,27.03,28.84,218.17,391.43,6.6,8.1,2.89,1.13,2.87
2017,남해,신항,16.84,15.27,31.39,32.73,8.16,8.16,7.5,7.42,1.61,1.34,60.79,39.09,15.05,9.65,125.06,65.79,200.9,114.52,331.88,259.48,14.66,12.68,30.54,29.16,591.82,420.95,10.9,19,0.95,1.54,1.1
2017,남해,마산항,17.09,15.96,28.16,31.48,8.22,8.09,8.25,6.04,2.89,2.45,13.69,15.88,17.61,1.86,132.2,9.78,163.49,27.52,329.84,429.42,24.72,16.66,40.49,45.36,941.74,344.44,11.4,6.65,5.59,1.45,1.55
2017,남해,옥포항,18.81,18.2,31.68,32.45,8.24,8.17,8.32,7.25,1.82,1.61,13.69,12.09,9.67,9.87,74.37,72.17,97.73,94.14,425.49,276.6,13.75,16.24,28.7,27.45,219.37,361.01,5,6.59,3.04,1.97,3.08
2017,남해,삼덕항,17.98,17.13,33.12,33.26,8.19,8.17,8.84,8.64,1.5,1.64,9.72,6.62,5.23,4.7,24.19,26.55,39.14,37.87,234.32,342.35,10.45,11.45,33.35,32.05,355.55,371.52,9.4,9.78,4.56,4.26,2.65
2017,남해,삼천포항,17.15,17.08,32.77,32.85,8.18,8.19,8.23,8.2,1.1,1.43,4.98,4.34,2.77,2.91,20.31,15.04,28.06,22.29,211.38,227.45,7.05,9.86,24.63,25.28,256.05,418.87,12.38,8.83,0.84,0.77,2.5
2017,남해,광 양 만,18.16,17.44,31.98,32.04,8.14,8.16,8.24,8.17,1.8,1.83,23.9,6.78,8.18,6.53,55.83,37.44,87.91,50.75,441.33,319.8,39.56,27.14,64.92,42.27,579.82,573.72,17.25,12.15,3.08,2.68,1.5
2017,남해,여수신항,16.9,16.61,32.33,32.57,8.24,8.22,8.75,7.97,1.56,1.64,6.35,4.66,2.91,3.61,14.65,8.71,23.9,16.97,299.96,229.58,6.19,14.66,28.17,30.01,211.21,459.85,14.02,8.23,2.96,1.55,3.65
2017,남해,제주항,15.81,15.64,30.4,31.53,8.13,8.11,8.59,8.09,1.66,1.81,10.98,23.7,12.35,12.31,150.33,106.78,173.67,142.79,331.23,259.19,10.1,13.44,27.93,22.5,469.42,421.96,15.84,20.71,1.13,1.84,1.55
2017,남해,성산항,16.45,15.87,30.08,31.16,8.27,8.24,9.33,9.34,1.79,1.65,35.92,15.83,5.96,4.1,188.43,108.14,230.3,128.07,307.86,314.74,8.28,8.51,27.16,33.11,704.66,418.59,9.55,16.03,1.51,4.48,1.55
2017,남해,서귀포항,14.87,14.83,30.72,30.77,8.08,8.1,8.24,8.3,1.56,1.56,39.29,30.89,9.73,10.47,196.51,200.62,245.53,241.98,373.98,452.85,19.34,27.85,36.37,36.23,422.51,388.82,13.5,17.25,0.92,1.22,1.55
2017,남해,한림항,17.88,16.6,30.47,31.44,8.09,8.12,8.29,8.3,1.64,1.57,8.1,9.15,11.63,3.35,292.45,129.3,312.18,141.8,694.19,397.15,15.19,11.52,43.01,29.24,339.11,375.71,6.43,9.88,0.34,0.42,4
2017,남해,완도항,21.25,21.28,31.69,31.94,8.08,8.2,8.21,7.75,1.1,1.47,9.5,5.71,6.8,1.83,274.95,61.61,291.26,69.15,311.09,194.28,38.26,4.62,57.15,14.29,1850.3,385.91,1.9,4.2,0.11,0.45,4.95
2017,서해,목포항,20.67,20.62,31.62,32.29,8.22,8.22,8.44,8.37,1.41,1.47,7.5,9.63,4.88,2.58,149.28,114.22,161.67,126.43,237.1,284.95,10.16,7.66,18.49,17.16,760.34,495.78,3.86,2.63,1.22,1.73,4.15
2017,서해,대천항,21.18,21.14,32.01,32.42,8.17,8.17,7.74,7.72,1.69,1.76,9.32,9.9,6.13,1.95,126.01,143.72,141.46,155.57,416.22,311.43,12.47,7.63,32.24,19.63,1490.79,528.89,2.95,2.15,3.64,3.27,3.4
2017,서해,평택항,19.42,18.63,31.99,32.9,8.18,8.15,8.34,7.97,1.46,1.43,8.39,7.52,8.29,1.32,285.27,24.62,301.95,33.46,326.06,215.24,18.66,6.29,27.89,15.66,429.14,106.9,3.55,3.6,1.61,0.16,4.95
2017,서해,인천항,19.52,18.88,32.07,32.7,8.15,8.16,8,7.81,1.52,1.63,7.78,8.22,5.77,2.42,243.56,182.08,257.1,192.71,343.99,374.49,19.13,8.15,28.48,16.69,374.39,148.2,3.69,2.93,1.01,0.51,3.8
2017,동해,동해중부,0,0,0,0,0,0,0,0,0,0,0,0,0,0,0,0,0,0,0,0,0,0,0,0,0,0,0,0,0,0,0
2017,동해,동해남부,0,0,0,0,0,0,0,0,0,0,0,0,0,0,0,0,0,0,0,0,0,0,0,0,0,0,0,0,0,0,0
2017,남해,남해동부,0,0,0,0,0,0,0,0,0,0,0,0,0,0,0,0,0,0,0,0,0,0,0,0,0,0,0,0,0,0,0
2017,남해,남해서부,0,0,0,0,0,0,0,0,0,0,0,0,0,0,0,0,0,0,0,0,0,0,0,0,0,0,0,0,0,0,0
2017,서해,서해남부,0,0,0,0,0,0,0,0,0,0,0,0,0,0,0,0,0,0,0,0,0,0,0,0,0,0,0,0,0,0,0
2017,서해,서해중부,0,0,0,0,0,0,0,0,0,0,0,0,0,0,0,0,0,0,0,0,0,0,0,0,0,0,0,0,0,0,0
2017,서해,섬진강,17.13,17.25,22.47,26.92,8.02,8.05,8.81,8.23,2.11,2.31,21.08,20.44,8.68,7.79,308.08,247.47,337.85,275.69,592.43,434.09,20.03,23.48,35.29,35.56,918.32,853.82,6.49,11.5,3.7,2.61,2.23
2017,서해,낙동강하구,17.61,17.42,22.09,30.12,8.15,8.15,8.85,7.75,2.52,2.51,32.54,30.91,34.55,17.4,491.7,309.99,558.8,358.29,971.04,575.46,11.85,19.27,32.81,37.27,610.45,483.66,7.4,10.61,2.52,2.96,2.37
2017,연안,진해만,17.73,16.08,31.82,32.56,8.17,8.07,8.45,7.01,1.83,1.84,8.39,10.74,3.25,4.67,11.92,12.52,23.56,27.92,160.63,155.38,11.25,12.44,21.59,21.99,288.56,457.36,5.86,6.73,1.94,2.12,5.37
2017,특별관리,진해만,17.08,15.5,32.03,33.05,8.23,8.16,8.4,7.52,1.9,1.59,61.85,38.16,5.9,6.38,36.15,49.52,103.89,94.07,229.22,230,11.38,12.9,20.43,24.95,323.45,311.48,5.34,9.55,1.78,1.64,4.08
