조사년도,해역,연안명칭,수온표층,염분표층,수소이온농도(ph) 표층,용존산소량(표층),화학적산소요구량 표층,암모니아질소 표층,아질산성 질소 표층,질산성질소 표층,용존무기질소 표층,총질소 표층,용존무기인 표층,총인 표층,규산규소 표층,부유물질 표층,클로로필 표층,투명도 표층,지역
2017,동해,거진연안,15.54,33.27,8.22,8.49,0.82,1.78,2.07,34.29,38.14,141.2,8.0,16.89,191.86,5.23,1.0,8.91,강원
2017,동해,속초연안,15.12,33.59,8.21,8.53,0.94,3.12,2.4,33.15,38.66,144.16,7.83,14.87,186.39,5.73,1.01,9.18,강원
2017,동해,양양연안,15.56,33.04,8.25,8.55,0.99,2.1,2.06,28.73,32.89,130.25,7.42,14.15,169.27,4.55,1.05,10.37,강원
2017,동해,주문진연안,15.47,33.35,8.22,8.69,0.93,3.33,2.02,29.45,34.8,127.67,8.49,15.25,162.36,5.76,1.11,9.71,강원
2017,동해,강릉연안,16.14,33.55,8.25,8.38,1.12,5.56,2.25,30.0,37.8,126.05,7.75,13.61,163.99,3.8,0.74,10.86,강원
2017,동해,동해연안,15.95,33.48,7.98,8.43,0.94,3.31,2.64,38.65,44.59,135.37,8.17,15.62,183.27,5.66,0.95,11.5,강원
2017,동해,삼척연안,15.52,33.01,8.21,8.58,1.02,3.85,2.85,53.83,60.54,176.45,9.33,17.52,205.95,4.86,1.24,11.69,강원
2017,동해,죽변연안,16.2,32.78,8.25,9.19,1.32,2.87,2.02,33.7,38.59,140.1,7.88,15.65,163.69,7.47,2.28,9.07,경북
2017,동해,후포연안,15.61,33.97,8.25,8.7,1.15,3.78,2.5,30.84,37.12,132.94,7.66,14.72,166.37,3.89,1.95,8.55,경북
2017,동해,축산연안,15.55,33.96,8.26,8.74,1.13,3.05,2.55,30.24,35.84,125.51,8.47,13.43,180.81,3.96,1.37,9.85,경북
2017,동해,강구연안,15.83,33.53,8.27,9.33,0.96,2.89,2.55,26.69,32.13,147.43,7.58,15.32,162.66,7.49,2.23,6.98,경북
2017,동해,월포연안,16.35,33.66,8.26,8.96,0.95,3.99,2.38,28.73,35.1,134.16,7.82,15.51,157.55,3.68,1.22,8.49,경북
2017,동해,영일만,16.17,33.73,8.27,9.01,1.38,5.81,3.06,30.09,38.97,159.12,7.68,17.87,156.04,6.13,2.3,6.12,경북
2017,동해,구룡포연안,18.19,33.31,8.17,8.08,1.27,2.0,3.63,50.87,56.5,144.38,12.73,18.82,254.66,4.42,1.0,8.2,경북
2017,동해,감포연안,18.4,33.49,8.17,7.98,1.1,3.37,3.66,47.42,54.44,142.74,9.91,15.07,238.74,3.75,1.15,8.36,경북
2017,남해,울산연안,17.19,32.99,8.13,7.95,1.24,38.7,7.07,118.78,164.56,307.69,15.59,25.71,309.12,7.21,2.25,4.13,울산
2017,남해,온산연안,17.38,33.22,8.12,8.43,1.43,16.16,4.79,101.6,122.55,250.93,12.42,21.25,262.21,6.19,2.45,4.37,울산
2017,남해,기장연안,15.78,33.95,8.16,7.8,0.88,5.6,7.14,75.62,88.36,160.1,14.03,20.26,309.56,5.18,1.35,3.58,부산
2017,남해,부산연안,17.63,33.28,8.19,8.1,1.3,22.56,7.16,88.61,118.33,232.68,13.08,25.64,244.82,6.18,2.37,3.45,부산
2017,남해,낙동강하구,17.67,32.81,8.2,7.9,1.66,15.03,8.21,79.86,103.09,227.8,11.5,20.4,288.35,4.89,2.32,3.4,부산
2017,남해,신항연안,17.25,32.25,8.17,8.06,1.73,52.95,10.04,191.35,254.33,375.5,14.29,24.53,348.79,9.78,1.88,1.58,경남
2017,남해,행암만,17.77,31.58,8.31,9.76,2.12,163.42,14.37,41.33,219.11,434.41,10.03,30.55,108.82,6.54,6.09,2.64,경남
2017,남해,마산만,17.03,30.71,8.24,8.62,2.27,64.87,5.92,73.64,144.43,332.09,11.62,31.99,526.9,7.71,5.13,3.17,경남
2017,남해,진해만,17.64,31.89,8.19,8.42,1.85,15.47,3.66,14.17,33.3,166.86,11.06,20.35,267.45,5.16,1.71,5.53,경남
2017,남해,거제도동안,18.06,33.08,8.21,8.31,1.32,4.21,6.2,44.61,55.03,154.46,13.71,18.11,215.02,3.83,1.7,5.76,경남
2017,남해,거제도남안,17.79,33.57,8.13,7.9,1.27,7.02,6.43,35.5,48.95,149.62,14.82,19.31,298.75,4.23,1.15,5.63,경남
2017,남해,통영연안,17.62,33.08,8.13,8.3,1.4,10.29,5.09,26.88,42.26,179.98,13.49,22.02,298.18,6.03,2.13,3.58,경남
2017,남해,통영외안,17.89,33.37,8.19,8.46,1.36,4.85,6.76,26.88,38.49,136.69,13.53,18.83,237.12,6.24,1.29,4.87,경남
2017,남해,고성자란만,18.0,33.08,8.11,7.71,1.4,11.24,2.84,9.96,24.04,139.66,13.42,18.68,352.26,6.06,1.22,4.49,경남
2017,남해,사천연안,17.56,33.06,8.15,7.62,1.18,14.04,2.81,16.51,33.36,157.32,16.21,30.62,296.19,7.49,1.91,3.86,경남
2017,남해,진주만,16.59,32.87,8.14,8.62,1.28,11.37,3.08,15.03,29.49,151.06,14.38,26.11,294.12,9.25,2.16,1.9,경남
2017,남해,남해도남안,17.84,33.15,8.21,8.18,1.24,4.99,3.95,18.48,27.41,139.89,14.26,18.75,186.69,5.77,1.05,5.8,경남
2017,남해,광양만,17.56,32.29,8.15,8.4,1.53,46.44,5.47,30.26,82.17,224.64,15.01,30.56,339.83,11.6,2.58,2.05,전남
2017,남해,여수연안,17.43,32.82,8.21,8.2,1.39,10.44,3.42,13.19,27.05,163.23,14.18,23.85,239.15,6.93,1.85,4.42,전남
2017,남해,가막만,17.0,33.0,8.18,8.6,1.42,20.36,2.47,12.09,34.93,159.82,10.11,22.78,176.32,8.51,1.61,3.09,전남
2017,남해,여자만,16.89,32.56,8.18,8.75,1.51,9.9,1.8,9.96,21.65,189.69,12.94,28.95,488.72,27.2,4.22,1.27,전남
2017,남해,고흥연안,16.77,33.02,8.18,8.18,1.4,5.64,2.63,17.87,26.13,144.77,15.53,22.91,215.79,11.85,1.66,2.4,전남
2017,남해,득량만,17.18,32.87,8.15,8.39,1.36,9.09,2.17,22.85,34.11,171.38,10.36,24.22,360.45,18.69,3.89,1.44,전남
2017,제주,제주연안,19.73,32.66,8.21,8.42,1.07,5.69,2.22,27.4,35.31,138.65,9.53,14.74,158.87,1.75,0.21,12.5,제주
2017,제주,조천연안,19.77,32.86,8.22,8.35,0.76,2.5,3.07,28.55,34.12,129.48,10.82,13.67,182.33,1.78,0.23,12.28,제주
2017,제주,성산연안,19.84,33.26,8.2,8.22,0.95,1.79,2.25,29.47,33.5,128.3,10.24,13.1,175.78,2.47,0.21,12.31,제주
2017,제주,표선연안,20.86,33.21,8.22,8.05,0.98,2.22,1.85,27.42,31.48,119.01,9.49,14.62,190.24,2.06,0.21,11.95,제주
2017,제주,서귀포연안,20.68,33.36,8.2,8.25,0.98,2.93,1.96,24.93,29.82,168.65,10.12,17.67,162.89,1.9,0.33,12.07,제주
2017,제주,대정연안,20.28,33.39,8.19,8.04,1.07,5.63,2.41,21.83,29.87,123.65,9.19,13.9,139.46,2.22,0.41,12.66,제주
2017,제주,한림연안,19.61,33.2,8.19,8.25,1.22,2.7,2.18,38.67,43.55,124.97,9.94,13.7,184.73,2.7,0.18,11.79,전남
2017,남해,완도연안,16.04,33.06,8.18,7.77,1.34,11.53,4.4,46.75,62.68,182.32,14.06,33.84,260.76,60.33,0.81,1.72,전남
2017,남해,도암만,17.11,32.64,8.15,7.69,1.3,23.58,4.16,47.63,75.37,261.1,16.58,29.32,514.73,63.43,1.83,1.28,전남
2017,남해,진도연안,16.16,32.86,8.18,8.16,1.46,1.68,3.27,51.06,56.01,181.81,18.29,30.86,250.57,78.1,1.81,1.08,전남
2017,서해,해남만,15.5,31.63,8.16,9.1,1.36,3.98,10.65,99.96,114.59,234.69,9.68,24.92,320.88,11.81,2.39,1.98,전남
2017,서해,목포연안,15.66,30.75,8.16,8.85,1.45,11.68,12.73,141.51,165.92,328.37,9.94,26.1,352.21,17.38,3.29,1.61,전남
2017,서해,신안연안,15.08,32.51,8.1,8.42,1.44,1.44,8.56,101.7,111.7,218.91,19.18,27.69,323.54,43.8,1.31,0.95,전남
2017,서해,무안연안,16.46,30.81,8.13,8.33,1.26,11.22,6.69,75.59,93.49,242.41,12.9,32.16,298.01,75.27,1.93,0.75,전남
2017,서해,함평연안,17.04,32.17,8.06,7.92,1.8,11.06,8.37,104.48,123.9,267.02,18.86,31.76,484.28,102.76,1.59,2.74,전남
2017,서해,고창연안,15.89,32.01,8.17,9.04,1.6,10.97,2.31,24.88,38.15,238.02,9.06,35.76,161.71,46.51,5.05,1.21,전북
2017,서해,전주포연안,14.96,31.63,8.21,9.16,1.72,4.43,2.54,28.27,35.24,185.81,10.27,21.33,189.48,9.97,3.08,2.76,전북
2017,서해,군산연안,15.1,29.02,8.08,8.5,1.83,19.25,15.0,186.7,220.95,435.87,18.72,35.23,580.57,20.36,3.39,1.79,전북
2017,서해,보령연안,15.19,32.05,8.16,8.84,1.51,3.08,1.78,34.34,39.2,184.2,12.05,21.19,246.73,10.83,2.49,2.59,충남
2017,서해,천수만,15.24,32.05,8.17,8.96,1.44,7.82,2.97,20.98,31.77,199.4,11.37,22.42,271.46,12.55,3.1,2.65,충남
2017,서해,태안연안,13.6,32.06,8.16,9.24,1.32,2.94,3.71,75.07,81.73,214.97,17.63,24.37,239.93,11.81,1.84,3.46,충남
2017,서해,가로림연안,12.98,31.95,8.11,9.22,1.41,1.93,6.75,119.2,127.89,256.59,20.94,29.07,259.02,19.6,1.63,1.72,충남
2017,서해,대산연안,13.61,31.58,8.12,9.11,1.6,2.14,8.07,123.87,134.08,270.08,20.04,28.55,269.99,17.73,1.39,1.7,충남
2017,서해,아산연안,13.94,31.07,8.09,8.99,1.37,6.85,18.69,160.8,186.35,358.61,24.84,35.48,382.65,14.46,1.6,1.53,충남
2017,서해,인천연안,14.25,30.69,8.11,9.18,1.57,54.57,17.51,210.77,282.85,450.46,22.24,45.37,332.82,29.01,2.31,1.4,인천
2017,서해,시화호,15.28,29.89,7.81,8.74,1.77,98.69,35.44,221.61,355.73,712.08,35.99,76.04,571.4,7.81,2.29,1.81,인천
2017,동해,거진항,15.9,32.5,8.21,8.22,1.41,14.75,3.47,109.74,127.95,241.61,7.79,24.74,368.16,11.7,2.47,3.75,강원
2017,동해,속초항,16.43,32.23,8.2,8.4,1.48,17.55,6.05,90.83,114.42,233.33,7.66,23.42,225.32,6.81,1.93,3.98,강원
2017,동해,주문진항,16.7,32.28,8.09,7.62,1.3,23.68,4.68,67.85,96.22,274.6,16.26,31.59,33.25,4.08,0.95,4.55,강원
2017,동해,묵호항,16.8,33.13,8.2,8.3,1.3,5.77,4.12,82.47,92.36,247.45,9.71,21.16,144.49,6.71,1.33,6.38,강원
2017,동해,삼척항,17.37,32.61,8.21,8.27,1.39,7.23,3.36,133.11,143.7,226.85,10.11,16.19,57.41,6.1,0.8,5.3,강원
2017,동해,죽변항,18.08,32.87,8.17,7.43,1.77,10.22,4.3,55.03,69.55,237.5,13.9,26.46,176.78,3.23,1.83,4.55,경북
2017,동해,후포항,16.41,33.68,8.24,8.78,1.54,5.78,3.12,26.12,35.01,208.05,10.09,15.28,47.95,5.28,1.14,6.5,경북
2017,동해,축산항,16.12,33.9,8.27,8.62,1.43,3.57,2.84,23.82,30.23,185.73,9.36,13.85,66.68,3.48,1.06,9.55,경북
2017,동해,강구항,16.93,33.22,8.3,9.68,1.73,6.07,2.63,90.54,99.24,221.84,7.11,15.22,264.8,7.88,2.03,3.5,경북
2017,동해,포항 구항,17.87,33.2,8.25,9.03,1.86,16.43,9.53,54.63,80.58,393.97,9.65,19.24,177.79,7.99,5.86,3.75,경북
2017,동해,구룡포항,19.83,33.19,8.2,8.38,1.8,4.85,3.47,41.58,49.9,235.09,11.9,18.79,122.43,4.98,1.43,5.5,경북
2017,동해,감포항,20.43,33.17,8.17,7.69,1.6,7.0,3.19,34.22,44.41,216.12,10.94,18.71,151.86,5.58,1.26,3.85,경북
2017,남해,울산항,17.53,32.05,8.11,8.16,1.8,30.42,11.03,137.32,178.77,389.7,17.14,34.95,144.38,10.43,4.34,2.0,울산
2017,남해,대변항,14.56,34.0,8.16,7.89,1.58,14.93,7.28,79.49,101.71,228.82,16.68,29.92,313.94,5.08,2.98,2.3,부산
2017,남해,부산항,17.24,32.89,8.23,8.32,1.5,15.1,6.65,70.4,92.14,265.8,12.04,27.03,218.17,6.6,2.89,2.87,부산
2017,남해,신항,16.84,31.39,8.16,7.5,1.61,60.79,15.05,125.06,200.9,331.88,14.66,30.54,591.82,10.9,0.95,1.1,경남
2017,남해,마산항,17.09,28.16,8.22,8.25,2.89,13.69,17.61,132.2,163.49,329.84,24.72,40.49,941.74,11.4,5.59,1.55,경남
2017,남해,옥포항,18.81,31.68,8.24,8.32,1.82,13.69,9.67,74.37,97.73,425.49,13.75,28.7,219.37,5.0,3.04,3.08,경남
2017,남해,삼덕항,17.98,33.12,8.19,8.84,1.5,9.72,5.23,24.19,39.14,234.32,10.45,33.35,355.55,9.4,4.56,2.65,경남
2017,남해,삼천포항,17.15,32.77,8.18,8.23,1.1,4.98,2.77,20.31,28.06,211.38,7.05,24.63,256.05,12.38,0.84,2.5,경남
2017,남해,광 양 만,18.16,31.98,8.14,8.24,1.8,23.9,8.18,55.83,87.91,441.33,39.56,64.92,579.82,17.25,3.08,1.5,충남
2017,남해,여수신항,16.9,32.33,8.24,8.75,1.56,6.35,2.91,14.65,23.9,299.96,6.19,28.17,211.21,14.02,2.96,3.65,전남
2017,남해,제주항,15.81,30.4,8.13,8.59,1.66,10.98,12.35,150.33,173.67,331.23,10.1,27.93,469.42,15.84,1.13,1.55,제주
2017,남해,성산항,16.45,30.08,8.27,9.33,1.79,35.92,5.96,188.43,230.3,307.86,8.28,27.16,704.66,9.55,1.51,1.55,제주
2017,남해,서귀포항,14.87,30.72,8.08,8.24,1.56,39.29,9.73,196.51,245.53,373.98,19.34,36.37,422.51,13.5,0.92,1.55,제주
2017,남해,한림항,17.88,30.47,8.09,8.29,1.64,8.1,11.63,292.45,312.18,694.19,15.19,43.01,339.11,6.43,0.34,4.0,전남
2017,남해,완도항,21.25,31.69,8.08,8.21,1.1,9.5,6.8,274.95,291.26,311.09,38.26,57.15,1850.3,1.9,0.11,4.95,전남
2017,서해,목포항,20.67,31.62,8.22,8.44,1.41,7.5,4.88,149.28,161.67,237.1,10.16,18.49,760.34,3.86,1.22,4.15,전남
2017,서해,대천항,21.18,32.01,8.17,7.74,1.69,9.32,6.13,126.01,141.46,416.22,12.47,32.24,1490.79,2.95,3.64,3.4,충남
2017,서해,평택항,19.42,31.99,8.18,8.34,1.46,8.39,8.29,285.27,301.95,326.06,18.66,27.89,429.14,3.55,1.61,4.95,경기
2017,서해,인천항,19.52,32.07,8.15,8.0,1.52,7.78,5.77,243.56,257.1,343.99,19.13,28.48,374.39,3.69,1.01,3.8,인천
2017,서해,섬진강,17.13,22.47,8.02,8.81,2.11,21.08,8.68,308.08,337.85,592.43,20.03,35.29,918.32,6.49,3.7,2.23,전북
2017,서해,낙동강하구,17.61,22.09,8.15,8.85,2.52,32.54,34.55,491.7,558.8,971.04,11.85,32.81,610.45,7.4,2.52,2.37,부산
2017,연안,진해만,17.73,31.82,8.17,8.45,1.83,8.39,3.25,11.92,23.56,160.63,11.25,21.59,288.56,5.86,1.94,5.37,경남
2017,특별관리,진해만,17.08,32.03,8.23,8.4,1.9,61.85,5.9,36.15,103.89,229.22,11.38,20.43,323.45,5.34,1.78,4.08,경남
2018,동해,거진연안,13.66,33.56,8.16,9.31,1.31,9.57,0.99,51.48,62.04,145.74,6.18,16.67,169.36,5.97,0.92,9.15,강원
2018,동해,속초연안,14.88,33.53,8.2,9.0,1.09,9.27,0.99,31.85,42.11,134.64,4.89,15.15,109.78,6.61,1.2,9.17,강원
2018,동해,양양연안,14.98,33.65,8.18,9.01,1.17,7.56,1.31,30.58,39.45,126.03,4.78,15.31,120.33,4.41,0.94,9.93,강원
2018,동해,주문진연안,15.24,33.56,8.13,8.73,1.15,7.46,1.37,37.64,46.47,150.44,5.55,16.74,141.18,5.24,0.91,8.69,강원
2018,동해,강릉연안,15.61,33.58,8.13,8.68,1.1,7.49,1.28,34.99,43.76,130.33,5.1,14.86,121.7,4.87,0.79,9.57,강원
2018,동해,동해연안,15.81,33.65,8.17,8.8,1.3,11.12,1.61,29.6,42.33,125.54,4.38,15.05,120.83,5.21,1.06,9.88,강원
2018,동해,삼척연안,16.15,33.59,8.18,8.72,1.1,7.67,1.12,33.15,41.93,141.54,4.11,16.79,130.18,5.73,1.0,10.19,강원
2018,동해,죽변연안,16.54,33.72,8.26,8.75,1.16,4.86,1.03,32.13,38.02,124.46,4.14,15.56,151.77,6.37,0.73,10.52,경북
2018,동해,후포연안,17.58,33.57,8.16,8.35,1.14,2.72,1.88,44.74,49.34,131.35,6.22,13.72,205.2,4.62,1.08,10.89,경북
2018,동해,축산연안,17.58,33.61,8.18,8.5,1.26,6.41,2.02,34.06,42.5,126.38,6.29,14.28,250.59,5.13,1.2,10.74,경북
2018,동해,강구연안,16.76,33.12,8.14,8.79,1.5,5.27,1.41,31.44,38.12,148.83,4.49,15.55,147.66,4.54,1.37,9.14,경북
2018,동해,월포연안,16.71,33.59,8.19,8.6,1.32,4.01,1.3,24.9,30.21,121.56,4.22,13.83,133.0,5.21,1.19,10.4,경북
2018,동해,영일만,16.64,33.36,8.22,8.69,1.48,18.98,3.16,43.03,65.17,191.74,6.52,19.5,197.6,5.5,1.55,7.09,경북
2018,동해,구룡포연안,17.58,33.66,8.14,8.31,1.18,6.42,2.05,35.07,43.54,125.93,6.03,17.05,182.28,6.32,0.92,8.55,경북
2018,동해,감포연안,17.44,33.67,8.17,8.15,1.17,6.82,2.9,45.91,55.63,146.18,8.53,18.63,238.85,5.38,0.84,6.46,경북
2018,남해,울산연안,17.38,32.92,8.17,7.87,1.63,67.89,8.56,107.29,183.75,330.32,17.16,32.68,330.59,7.36,1.69,3.62,울산
2018,남해,온산연안,17.4,33.21,8.23,8.19,1.46,27.94,6.05,87.86,121.85,232.13,12.46,24.84,291.66,9.38,2.08,3.54,울산
2018,남해,기장연안,18.0,33.66,8.23,8.04,1.17,6.44,2.97,40.36,49.76,139.03,7.32,18.74,251.36,5.81,0.97,5.68,부산
2018,남해,부산연안,17.71,33.49,8.23,8.0,1.32,23.56,5.66,67.79,97.01,209.88,9.73,24.54,260.68,6.17,1.91,4.28,부산
2018,남해,낙동강하구,18.28,31.43,8.29,8.22,1.5,8.99,4.0,58.4,71.39,191.25,6.96,19.19,280.55,7.52,2.63,5.16,부산
2018,남해,신항연안,16.24,32.8,8.2,7.4,1.84,37.52,5.73,57.75,100.99,240.77,13.36,31.12,337.7,11.54,2.66,1.26,경남
2018,남해,행암만,17.15,32.53,8.28,8.46,2.37,205.17,6.58,39.14,250.89,497.74,11.53,42.39,360.23,9.95,6.85,2.89,경남
2018,남해,마산만,16.91,31.89,8.22,7.68,2.38,89.14,7.66,48.08,144.89,376.43,18.36,52.13,346.8,10.29,5.94,2.72,경남
2018,남해,진해만,16.94,32.28,8.2,8.14,1.92,32.82,4.25,35.99,90.58,228.28,9.58,28.13,270.04,5.39,2.96,4.96,경남
2018,남해,거제도동안,18.95,33.35,8.24,8.24,1.24,6.07,2.06,23.95,32.08,127.2,5.75,16.2,186.09,6.16,1.45,7.01,경남
2018,남해,거제도남안,17.51,33.65,8.17,7.65,1.31,11.56,3.82,38.87,54.26,150.49,10.22,20.37,303.08,5.07,1.56,5.13,경남
2018,남해,통영연안,17.6,33.31,8.13,8.07,1.34,34.64,4.48,42.94,82.06,217.01,11.64,25.51,287.73,6.29,2.61,3.16,경남
2018,남해,통영외안,17.95,33.54,8.2,7.93,1.26,8.22,4.5,35.75,48.47,143.05,8.43,18.3,244.26,6.04,1.17,5.23,경남
2018,남해,고성자란만,17.62,33.22,8.06,7.79,1.65,23.64,3.47,21.41,48.52,181.73,11.03,24.9,323.62,6.53,1.62,3.71,경남
2018,남해,사천연안,17.46,33.08,8.1,7.6,1.33,24.62,4.94,22.92,52.49,155.9,12.36,24.71,257.79,8.66,1.89,2.59,경남
2018,남해,진주만,16.74,32.74,8.14,8.21,1.54,34.85,5.72,26.85,67.41,205.74,14.52,32.0,324.69,15.33,2.9,2.4,경남
2018,남해,남해도남안,17.35,33.39,8.23,8.33,1.24,12.78,4.3,34.8,51.89,147.54,8.46,18.16,242.77,6.2,1.18,5.38,경남
2018,남해,광양만,17.54,32.1,8.13,7.87,1.7,46.84,11.78,80.62,139.24,253.55,21.24,39.33,400.46,10.3,3.01,2.09,전남
2018,남해,여수연안,17.22,32.88,8.18,7.75,1.39,32.17,6.32,44.26,82.75,195.65,13.96,27.56,314.24,10.36,1.91,2.61,전남
2018,남해,가막만,16.73,32.85,8.18,8.32,1.52,30.54,3.31,33.96,67.81,189.1,12.66,27.5,297.83,10.4,1.98,3.18,전남
2018,남해,여자만,16.31,32.16,8.16,8.01,1.78,45.61,7.26,51.48,104.35,251.04,17.85,38.38,476.46,27.58,3.05,1.12,전남
2018,남해,고흥연안,16.79,33.2,8.21,8.22,1.31,16.8,8.18,44.38,69.35,182.43,11.24,24.19,285.05,14.8,1.53,1.51,전남
2018,남해,득량만,16.75,32.58,8.2,8.5,1.59,24.43,8.24,42.88,75.55,194.45,13.41,31.08,333.48,23.17,2.91,1.43,전남
2018,제주,제주연안,17.65,33.78,8.17,8.29,1.03,7.53,3.91,39.91,51.36,158.27,7.51,19.08,201.64,5.55,1.4,9.19,제주
2018,제주,조천연안,17.55,33.73,8.16,8.1,1.2,8.12,5.23,57.07,71.38,162.18,7.56,17.78,226.02,7.2,0.43,8.93,제주
2018,제주,성산연안,18.48,33.84,8.16,8.29,1.18,5.55,3.11,33.84,42.51,131.04,6.2,14.54,461.83,6.94,0.62,9.06,제주
2018,제주,표선연안,18.84,33.78,8.19,8.0,1.08,5.58,2.72,27.52,35.83,130.0,5.34,14.43,173.01,7.17,0.8,8.86,제주
2018,제주,서귀포연안,18.8,33.69,8.13,8.19,1.31,6.86,3.03,58.45,68.34,153.39,6.1,15.68,388.64,7.76,0.73,9.39,제주
2018,제주,대정연안,18.41,33.87,8.13,8.42,1.2,8.56,2.83,32.07,43.47,135.06,5.98,16.2,161.42,5.75,0.84,8.97,제주
2018,제주,한림연안,18.23,33.84,8.15,8.51,1.26,8.38,3.15,33.78,45.32,125.91,5.29,13.58,160.01,7.52,0.73,9.45,전남
2018,남해,완도연안,16.75,33.32,8.14,9.4,1.45,21.77,5.74,72.27,99.77,196.4,14.4,27.91,294.93,28.87,1.04,1.68,전남
2018,남해,도암만,16.48,31.32,8.07,10.34,1.74,40.48,9.79,114.88,165.16,301.92,23.16,47.84,599.6,33.81,2.65,1.06,전남
2018,남해,진도연안,15.74,32.85,8.07,9.83,1.59,13.89,7.33,85.22,106.43,204.43,15.79,36.8,326.49,46.04,0.95,0.81,전남
2018,서해,해남만,16.81,31.72,8.21,9.62,1.97,5.64,8.34,87.26,101.25,212.38,9.29,25.33,238.77,14.56,2.75,2.7,전남
2018,서해,목포연안,16.31,31.27,8.13,8.73,1.63,27.33,17.01,112.91,157.24,274.17,18.92,31.46,292.15,15.44,4.2,1.81,전남
2018,서해,신안연안,15.79,32.51,8.13,8.73,1.54,4.39,9.0,100.72,114.1,200.85,14.14,27.63,306.07,29.72,1.54,1.24,전남
2018,서해,무안연안,15.88,31.02,8.13,10.04,1.6,32.08,21.47,138.47,192.02,300.32,19.34,37.86,387.39,44.34,1.7,1.06,전남
2018,서해,함평연안,15.29,30.93,7.94,10.29,1.73,23.19,39.82,124.01,187.02,343.68,28.93,58.79,401.99,56.93,1.9,0.92,전남
2018,서해,고창연안,16.43,31.45,8.21,9.62,2.1,9.94,1.72,24.87,36.54,213.54,10.47,37.87,145.03,50.37,3.09,1.36,전북
2018,서해,전주포연안,14.63,31.12,8.21,9.01,2.15,22.89,1.92,14.54,39.35,201.06,7.82,23.15,100.88,14.27,2.31,2.67,전북
2018,서해,군산연안,14.57,29.06,8.13,8.38,2.21,62.43,5.88,127.57,195.89,386.06,16.58,39.31,202.46,15.04,2.73,2.04,전북
2018,서해,보령연안,15.07,31.58,8.13,8.43,1.72,15.93,4.02,27.46,47.4,201.18,10.22,27.84,132.32,18.64,1.61,2.19,충남
2018,서해,천수만,15.24,31.52,8.14,8.38,1.6,20.28,3.61,15.71,39.6,205.97,12.11,29.55,139.89,23.82,1.59,2.16,충남
2018,서해,태안연안,13.53,31.76,8.11,8.41,1.72,15.02,3.31,54.74,73.07,212.32,12.52,26.63,164.44,17.09,1.39,2.69,충남
2018,서해,가로림연안,12.92,31.61,8.1,8.47,1.58,11.77,4.11,109.77,125.65,254.7,17.79,29.48,226.96,23.83,1.62,1.82,충남
2018,서해,대산연안,13.14,31.27,8.08,8.66,1.7,14.32,5.86,134.13,154.31,281.87,20.52,33.8,233.53,21.23,1.33,1.86,충남
2018,서해,아산연안,13.7,30.64,8.05,8.92,1.79,43.6,10.74,182.72,237.05,389.03,25.87,39.13,336.56,15.58,1.3,1.88,충남
2018,서해,인천연안,14.15,29.75,8.02,8.78,1.81,124.74,16.81,249.11,390.76,549.9,35.73,54.25,370.96,20.06,1.84,1.48,인천
2018,서해,시화호,15.11,29.54,8.08,9.13,2.37,76.67,16.31,103.3,196.79,491.08,24.4,66.52,243.15,56.42,11.08,1.68,인천
2018,동해,거진항,13.22,32.82,8.14,10.41,1.6,23.29,2.47,43.49,69.24,201.06,10.91,26.33,128.32,6.72,6.99,2.45,강원
2018,동해,속초항,14.94,32.78,8.05,8.17,1.57,74.49,4.51,80.74,159.75,277.48,14.98,27.9,338.97,9.54,1.85,4.62,강원
2018,동해,주문진항,14.1,32.31,8.0,8.17,1.51,85.7,6.1,93.63,185.42,255.79,26.47,46.24,388.67,3.55,1.0,4.0,강원
2018,동해,묵호항,15.13,33.22,8.03,9.1,1.62,16.24,3.71,64.1,84.05,186.22,10.17,21.13,177.81,3.3,3.17,6.2,강원
2018,동해,삼척항,14.85,33.54,8.15,8.91,1.13,13.17,2.81,69.32,85.31,169.54,10.73,20.04,225.94,15.6,1.57,4.42,강원
2018,동해,죽변항,18.46,33.24,8.14,8.96,1.57,12.61,2.03,42.74,57.39,164.37,9.93,24.96,174.23,6.02,2.47,5.1,경북
2018,동해,후포항,19.17,33.17,8.09,8.37,1.32,11.35,2.47,43.31,57.14,176.94,10.09,17.02,194.04,4.28,1.02,5.65,경북
2018,동해,축산항,19.21,33.34,8.03,8.13,1.18,3.41,2.31,45.64,51.35,150.54,9.99,14.76,217.42,3.7,0.51,6.15,경북
2018,동해,강구항,17.97,32.97,8.04,8.36,1.27,7.99,2.41,51.86,62.27,184.27,10.04,17.89,239.83,3.4,5.63,3.55,경북
2018,동해,포항 구항,15.74,33.36,8.19,8.13,1.34,34.36,7.55,59.69,101.6,214.18,19.02,34.46,349.09,6.62,6.96,3.52,경북
2018,동해,구룡포항,19.3,33.36,8.1,9.16,1.67,10.59,2.02,32.02,44.63,159.7,8.71,20.07,156.61,4.45,1.13,5.25,경북
2018,동해,감포항,19.46,33.28,8.08,8.53,1.35,14.31,2.32,37.56,54.19,149.57,11.26,22.83,183.97,5.78,1.4,4.45,경북
2018,남해,울산항,18.66,32.14,8.05,7.86,2.22,103.86,12.9,131.27,248.02,395.12,32.02,52.99,341.35,8.25,1.58,2.1,울산
2018,남해,대변항,18.64,33.36,8.22,8.1,1.12,29.74,3.51,51.41,84.65,201.36,14.0,26.85,281.9,5.68,1.54,3.0,부산
2018,남해,부산항,18.71,33.31,8.25,7.67,1.48,24.38,3.06,53.0,80.44,188.63,11.78,25.73,196.96,7.25,2.29,4.18,부산
2018,남해,신항,16.7,32.61,8.22,7.5,1.97,34.51,4.14,24.47,63.11,179.12,14.72,29.28,226.39,10.45,2.89,1.05,경남
2018,남해,마산항,16.39,31.76,8.2,7.19,2.94,88.49,2.17,74.54,165.2,301.64,24.75,45.76,112.99,3.61,1.8,1.6,경남
2018,남해,옥포항,19.38,33.11,8.26,8.52,2.13,22.51,3.73,31.89,58.12,169.41,10.91,30.12,123.94,5.16,3.22,2.52,경남
2018,남해,삼덕항,17.97,33.52,8.2,8.03,1.52,10.51,2.27,13.38,26.15,96.3,8.65,13.81,151.71,6.88,3.57,2.5,경남
2018,남해,삼천포항,17.59,33.15,8.06,7.1,1.68,20.24,3.48,9.78,33.49,106.79,13.97,32.26,252.8,12.38,2.25,2.2,경남
2018,남해,광 양 만,17.06,32.43,8.12,7.86,2.33,49.07,7.97,80.93,137.97,266.13,61.5,69.33,358.36,8.22,3.72,1.85,충남
2018,남해,여수신항,15.98,32.85,8.22,9.04,2.42,14.31,3.27,38.26,55.84,178.68,13.95,26.91,173.72,9.07,3.76,2.0,전남
2018,남해,제주항,17.63,33.3,8.29,8.12,1.51,13.16,3.15,500.77,517.08,614.27,14.35,32.11,1396.68,7.26,2.8,4.08,제주
2018,남해,성산항,17.7,33.27,8.3,8.51,1.72,15.5,3.1,53.4,72.01,185.12,8.61,24.58,374.89,3.84,1.09,3.75,제주
2018,남해,서귀포항,18.66,32.87,8.3,7.76,1.58,17.23,2.75,201.68,221.66,407.06,10.67,27.06,1576.17,5.19,1.22,3.15,제주
2018,남해,한림항,17.25,33.22,8.22,8.36,1.78,24.65,4.96,199.56,229.17,303.96,11.19,22.32,234.9,5.43,5.79,3.15,전남
2018,남해,완도항,16.43,32.98,8.21,9.17,1.83,26.15,4.94,62.61,93.7,212.78,16.17,24.89,301.85,50.15,20.8,1.55,전남
2018,서해,목포항,16.01,32.03,8.16,9.66,2.05,27.53,10.06,60.73,98.32,246.06,14.05,33.29,231.12,11.68,57.45,1.4,전남
2018,서해,대천항,15.2,31.69,8.15,8.73,2.25,19.66,2.33,104.48,126.47,192.83,24.06,27.07,132.96,20.15,1.99,2.3,충남
2018,서해,평택항,14.06,30.12,8.06,8.46,2.1,112.89,7.98,229.47,350.34,499.52,50.07,58.61,582.69,24.6,9.31,1.55,경기
2018,서해,인천항,14.56,28.89,7.94,8.56,1.93,1423.41,22.7,435.46,1881.58,2237.16,70.64,108.14,572.16,16.6,5.21,1.55,인천
2018,서해,섬진강,16.71,24.78,8.07,9.27,2.49,58.58,12.45,457.63,528.66,643.65,21.78,32.54,1393.8,9.66,4.05,1.78,전북
2018,서해,낙동강하구,18.02,27.58,8.2,8.49,2.95,78.96,21.39,554.33,654.67,876.82,20.53,47.87,955.49,8.53,5.86,2.19,부산
2018,연안,진해만,17.0,32.24,8.21,8.3,1.95,18.39,3.03,26.74,62.5,193.49,8.08,25.06,225.32,4.88,2.56,6.0,경남
2018,특별관리,진해만,16.64,32.72,8.23,7.98,1.93,75.06,6.47,48.66,130.19,301.1,11.32,34.76,269.85,5.56,4.43,3.25,경남
2019,동해,거진연안,15.25,33.61,8.16,8.78,0.98,6.37,1.32,31.42,39.11,144.67,6.03,15.9,184.33,5.76,1.23,8.16,강원
2019,동해,속초연안,15.65,33.64,8.17,8.4,0.96,7.6,2.06,38.47,48.12,167.19,6.98,16.09,192.33,4.22,1.1,9.98,강원
2019,동해,양양연안,16.62,33.66,8.16,8.51,0.96,3.96,1.86,22.56,28.38,141.79,4.89,13.43,152.63,5.37,0.81,11.5,강원
2019,동해,주문진연안,17.01,33.64,8.2,8.55,1.07,5.16,2.02,22.13,29.31,136.3,4.85,13.11,153.06,4.87,0.74,10.42,강원
2019,동해,강릉연안,16.76,33.71,8.22,8.59,0.93,4.46,2.53,29.32,36.31,133.86,5.29,15.17,177.89,5.47,0.72,9.88,강원
2019,동해,동해연안,16.46,33.77,8.2,8.95,1.12,5.85,2.85,26.32,35.02,157.38,5.13,16.03,167.69,4.85,0.78,9.33,강원
2019,동해,삼척연안,16.82,33.49,8.21,8.93,1.35,5.16,2.49,30.68,38.33,152.47,4.57,15.87,159.96,6.46,0.92,9.78,강원
2019,동해,죽변연안,16.93,33.79,8.24,9.48,1.33,3.34,2.16,24.1,29.6,138.41,4.13,16.25,165.15,6.14,1.23,8.47,경북
2019,동해,후포연안,18.52,33.49,8.2,8.41,1.23,1.52,1.36,12.01,14.89,116.86,2.47,12.27,128.23,3.58,1.37,11.56,경북
2019,동해,축산연안,18.63,33.6,8.22,8.37,1.03,1.37,1.13,9.01,11.51,121.01,1.84,13.05,119.45,4.51,3.98,8.48,경북
2019,동해,강구연안,17.36,33.76,8.2,8.26,1.11,3.87,3.04,30.33,37.25,163.61,5.38,16.87,191.91,7.24,1.07,9.54,경북
2019,동해,월포연안,17.17,33.84,8.18,8.43,0.93,1.29,2.94,26.26,30.5,144.23,5.07,16.13,171.99,5.34,1.15,8.32,경북
2019,동해,영일만,16.83,33.6,8.22,8.63,1.16,7.16,3.26,33.64,44.05,173.26,4.95,17.9,143.37,5.79,1.99,6.85,경북
2019,동해,구룡포연안,18.1,33.42,8.18,7.93,1.06,6.62,3.86,26.85,37.33,135.06,5.26,16.77,201.99,4.39,1.07,8.7,경북
2019,동해,감포연안,18.3,33.51,8.18,7.87,1.1,3.22,4.26,30.45,37.93,163.49,6.26,15.4,222.5,4.39,0.99,6.04,경북
2019,남해,울산연안,17.7,32.76,8.13,7.84,1.25,56.51,8.43,73.13,138.07,292.03,15.79,29.71,310.83,6.94,1.81,3.45,울산
2019,남해,온산연안,17.76,32.99,8.16,7.89,1.05,24.36,6.72,75.89,106.97,263.52,12.74,23.88,294.73,6.04,1.28,4.26,울산
2019,남해,기장연안,18.01,33.57,8.3,8.06,0.6,4.72,3.92,31.98,40.62,147.84,8.17,17.77,208.64,5.29,1.73,4.82,부산
2019,남해,부산연안,17.89,33.33,8.28,8.39,1.03,16.36,4.8,26.03,47.18,201.32,9.24,23.35,211.02,6.2,3.07,3.8,부산
2019,남해,낙동강하구,18.64,32.73,8.3,8.12,0.9,8.64,3.49,29.16,41.29,172.65,3.42,16.5,198.85,4.36,2.82,5.62,부산
2019,남해,신항연안,17.24,32.62,8.21,8.08,1.35,41.08,6.33,49.56,96.98,237.69,14.46,28.06,293.26,10.66,2.24,1.45,경남
2019,남해,행암만,18.68,32.17,8.36,9.78,2.46,48.56,4.28,16.52,69.36,280.22,2.71,31.8,214.63,6.19,8.34,2.59,경남
2019,남해,마산만,17.21,31.89,8.29,8.57,2.16,42.98,6.25,21.98,71.2,286.66,11.32,38.92,345.6,7.87,4.61,2.67,경남
2019,남해,진해만,17.51,32.38,8.23,8.42,1.44,20.57,3.12,14.03,37.71,196.19,7.43,24.85,262.55,4.84,2.27,4.79,경남
2019,남해,거제도동안,18.22,33.01,8.24,8.8,1.24,4.11,2.16,19.26,25.52,154.33,4.0,17.21,140.27,3.87,2.16,6.08,경남
2019,남해,거제도남안,17.92,33.35,8.17,8.96,1.24,10.16,3.72,15.46,29.33,180.33,7.63,20.8,217.4,4.38,2.2,6.12,경남
2019,남해,통영연안,17.89,33.09,8.17,8.29,1.16,12.45,3.62,23.89,39.95,169.68,10.63,24.77,215.11,7.42,2.24,4.71,경남
2019,남해,통영외안,17.79,33.25,8.22,9.13,1.22,4.04,2.51,15.67,22.22,138.48,5.18,18.25,146.78,5.86,1.58,5.83,경남
2019,남해,고성자란만,18.18,33.02,8.16,7.98,1.29,7.12,2.24,11.07,20.43,183.03,7.68,21.68,221.47,5.71,1.62,5.42,경남
2019,남해,사천연안,17.18,32.95,8.19,8.58,1.17,14.64,3.59,15.09,33.32,174.58,10.06,23.15,196.65,6.35,1.97,4.15,경남
2019,남해,진주만,17.35,32.4,8.24,8.93,1.95,14.94,2.84,11.78,29.56,164.46,11.96,29.49,213.19,11.75,1.68,2.68,경남
2019,남해,남해도남안,17.87,33.02,8.25,8.65,1.33,4.25,2.46,8.74,15.45,127.01,3.45,16.13,117.1,6.53,1.58,6.56,경남
2019,남해,광양만,17.54,31.77,8.23,8.72,1.79,29.13,7.23,27.81,64.17,215.91,11.81,29.65,203.11,8.99,3.15,2.78,전남
2019,남해,여수연안,17.4,32.4,8.26,8.89,1.49,14.25,3.37,10.56,28.18,168.85,5.4,22.18,119.97,6.81,1.9,4.5,전남
2019,남해,가막만,16.88,32.49,8.21,8.74,1.31,12.93,2.54,12.71,28.18,172.39,5.84,21.7,113.94,7.77,2.0,3.9,전남
2019,남해,여자만,17.29,31.3,8.15,8.32,1.85,40.23,12.4,24.02,76.65,208.11,9.76,33.37,418.67,19.65,3.34,1.63,전남
2019,남해,고흥연안,16.64,32.64,8.2,8.44,1.09,7.3,5.39,26.56,39.26,149.42,7.47,19.87,221.49,12.56,1.97,2.17,전남
2019,남해,득량만,16.56,32.11,8.16,8.44,1.54,20.16,4.81,27.19,52.16,207.46,11.78,27.53,335.3,11.62,2.11,1.89,전남
2019,제주,제주연안,19.93,33.04,8.18,9.24,1.07,6.53,1.98,33.11,41.62,144.15,8.02,15.87,353.71,11.42,0.68,10.04,제주
2019,제주,조천연안,19.9,33.3,8.2,8.94,1.14,5.62,2.2,26.24,34.07,159.08,5.6,13.44,196.58,6.07,0.53,11.06,제주
2019,제주,성산연안,20.31,33.36,8.2,8.76,1.72,9.11,2.36,26.65,38.13,128.18,5.3,12.73,186.67,5.28,0.48,10.29,제주
2019,제주,표선연안,20.79,33.41,8.21,8.88,1.2,3.05,1.67,26.68,31.4,131.4,4.71,12.03,210.78,4.16,0.28,11.46,제주
2019,제주,서귀포연안,20.68,33.44,8.19,8.86,1.03,7.53,1.67,33.89,43.08,160.09,5.38,14.86,243.93,11.51,0.46,11.05,제주
2019,제주,대정연안,20.07,33.55,8.18,8.89,1.22,5.56,1.96,27.81,35.33,122.13,6.03,12.97,190.44,6.51,0.3,11.15,제주
2019,제주,한림연안,19.87,33.32,8.17,8.83,1.06,5.24,2.24,33.58,41.07,145.02,6.3,14.28,199.27,8.78,0.52,10.79,전남
2019,남해,완도연안,16.65,32.96,8.1,8.4,1.1,9.85,6.36,52.46,68.67,185.57,12.56,22.62,285.41,5.74,1.43,2.69,전남
2019,남해,도암만,17.77,31.32,8.06,8.37,1.59,29.26,5.38,48.4,83.04,265.61,16.66,36.7,685.81,11.13,5.63,1.48,전남
2019,남해,진도연안,15.94,32.69,8.13,9.08,1.18,6.72,3.44,59.98,70.14,202.94,12.54,24.63,267.81,20.28,1.04,1.15,전남
2019,서해,해남만,16.58,30.89,8.28,10.24,2.2,7.74,3.52,22.61,33.87,214.11,1.64,13.82,54.96,7.3,4.2,2.35,전남
2019,서해,목포연안,16.32,30.64,8.22,9.88,1.92,16.75,12.64,133.36,162.75,348.83,9.63,26.81,255.69,9.28,4.34,1.62,전남
2019,서해,신안연안,16.14,31.88,8.1,8.63,1.23,6.71,7.4,106.11,120.22,273.95,15.68,27.26,330.0,14.4,1.02,1.27,전남
2019,서해,무안연안,17.01,31.27,8.08,8.45,1.5,18.07,10.76,103.83,132.66,289.96,16.06,28.11,378.94,20.87,1.41,1.13,전남
2019,서해,함평연안,16.77,31.51,8.02,8.72,1.56,8.67,6.14,100.14,114.94,286.91,18.53,32.83,334.16,23.98,2.1,1.54,전남
2019,서해,고창연안,15.48,31.39,8.1,8.36,2.28,21.29,2.56,48.49,72.35,272.22,17.31,52.59,321.02,62.4,6.27,0.65,전북
2019,서해,전주포연안,15.04,31.09,8.14,9.0,1.91,21.98,3.18,39.85,65.01,268.29,12.5,37.79,288.25,15.08,4.65,1.48,전북
2019,서해,군산연안,15.32,29.8,8.07,8.4,2.21,78.57,8.7,136.07,223.33,445.65,22.42,47.73,407.15,23.28,3.28,1.27,전북
2019,서해,보령연안,15.06,31.78,8.08,8.76,1.34,13.13,2.82,41.75,57.7,202.59,14.91,31.97,248.21,14.74,2.14,1.76,충남
2019,서해,천수만,15.53,31.76,8.11,9.02,1.71,45.35,2.41,29.7,77.45,228.19,16.43,34.75,237.56,11.24,3.1,2.12,충남
2019,서해,태안연안,13.95,31.81,8.08,9.25,1.57,2.74,2.42,65.92,71.08,236.28,14.77,31.6,234.01,15.79,3.09,2.19,충남
2019,서해,가로림연안,13.58,31.7,8.04,9.0,1.54,7.55,3.88,99.48,110.91,239.48,17.24,30.86,243.02,18.01,2.14,2.0,충남
2019,서해,대산연안,13.76,31.4,8.03,8.95,1.53,10.68,7.07,110.01,127.77,295.12,19.25,34.02,261.75,12.35,1.82,2.62,충남
2019,서해,아산연안,14.34,30.81,8.03,8.87,1.98,35.2,10.49,139.01,184.7,388.66,21.31,38.68,341.79,12.54,3.29,2.76,충남
2019,서해,인천연안,14.59,30.46,8.06,8.91,1.92,85.25,13.92,193.94,293.11,483.61,28.55,48.51,362.86,21.47,2.91,1.98,인천
2019,서해,시화호,15.81,30.05,8.08,6.91,3.04,49.22,11.08,94.56,154.86,428.34,25.27,59.54,561.23,10.5,10.82,1.51,인천
2019,동해,거진항,15.17,32.94,8.18,8.88,1.25,24.84,2.2,69.23,96.26,213.32,12.34,28.4,289.35,5.1,2.2,3.1,강원
2019,동해,속초항,16.27,32.35,8.18,8.87,1.29,25.32,3.35,81.04,109.71,220.85,9.37,25.95,285.67,6.24,4.35,4.38,강원
2019,동해,주문진항,17.27,33.11,8.14,7.47,1.35,74.79,4.76,79.3,158.84,300.57,24.37,44.08,343.11,6.48,1.64,4.15,강원
2019,동해,묵호항,16.86,33.4,8.23,9.11,1.46,39.99,3.44,46.99,90.43,194.16,7.4,23.95,150.89,6.52,4.5,4.88,강원
2019,동해,삼척항,17.05,32.96,8.2,8.47,1.24,13.88,2.67,124.95,141.5,258.58,10.07,23.13,282.13,7.22,2.03,4.78,강원
2019,동해,죽변항,17.42,33.99,8.24,9.54,1.33,2.63,1.2,23.65,27.48,140.99,5.91,18.88,136.12,6.35,1.54,4.15,경북
2019,동해,후포항,19.27,33.3,8.2,8.15,1.05,4.23,1.59,20.09,25.91,110.14,4.59,15.04,137.8,3.6,1.54,6.75,경북
2019,동해,축산항,19.92,33.36,8.23,8.07,0.95,0.3,1.34,15.52,17.16,97.84,3.44,11.95,123.82,5.1,1.9,9.0,경북
2019,동해,강구항,18.07,32.97,8.16,8.41,1.31,26.66,3.28,102.53,132.46,227.72,7.77,19.38,303.24,15.45,1.19,2.9,경북
2019,동해,포항 구항,17.24,32.67,8.28,8.76,1.65,25.55,5.25,78.75,109.56,283.11,9.25,27.89,220.23,6.65,2.28,3.38,경북
2019,동해,구룡포항,18.67,32.96,8.19,7.77,1.09,9.4,3.32,51.11,63.83,193.33,9.35,23.47,263.84,3.88,2.02,5.95,경북
2019,동해,감포항,18.57,33.06,8.18,7.51,1.31,25.12,3.74,57.89,86.76,216.59,12.17,22.86,252.55,8.05,1.38,4.25,경북
2019,남해,울산항,17.02,29.91,8.08,6.95,1.44,146.26,16.7,180.16,343.11,478.33,42.41,60.98,590.37,6.75,2.86,1.85,울산
2019,남해,대변항,19.83,33.36,8.3,8.44,1.12,23.0,1.95,15.88,40.82,197.42,9.42,24.3,131.1,7.48,3.23,3.75,부산
2019,남해,부산항,20.26,33.15,8.27,8.9,1.07,22.19,2.24,15.85,40.28,188.41,8.05,25.49,128.79,7.12,4.96,3.84,부산
2019,남해,신항,17.91,32.29,8.29,9.86,1.68,27.59,4.77,56.71,89.08,236.26,10.38,27.14,201.32,11.8,3.47,0.95,경남
2019,남해,마산항,17.15,31.87,8.34,8.8,2.21,56.9,2.11,16.28,75.29,305.59,11.97,43.17,88.8,11.92,5.56,1.6,경남
2019,남해,옥포항,18.7,32.87,8.26,9.42,1.42,14.02,3.34,24.34,41.71,182.99,7.84,23.92,122.04,6.0,1.29,3.88,경남
2019,남해,삼덕항,18.64,33.28,8.2,8.22,1.61,48.14,3.18,26.56,77.87,276.39,16.54,43.5,183.01,8.61,5.77,3.32,경남
2019,남해,삼천포항,17.76,32.93,8.2,8.39,1.27,9.49,2.06,8.83,20.38,130.42,10.96,24.66,180.05,8.5,1.38,3.0,경남
2019,남해,광 양 만,19.43,31.39,8.27,8.98,1.9,77.93,2.62,17.82,98.38,220.6,19.59,36.75,138.31,10.35,4.19,2.1,충남
2019,남해,여수신항,17.95,32.19,8.29,8.6,1.56,40.89,0.64,2.17,43.7,165.82,3.72,22.56,44.87,5.71,1.5,3.65,전남
2019,남해,제주항,20.92,32.29,8.18,8.3,1.58,14.85,2.33,195.59,212.76,367.95,12.64,24.76,1144.07,6.88,6.23,6.76,제주
2019,남해,성산항,19.9,32.26,8.19,8.85,1.92,27.27,6.22,62.55,96.04,286.1,12.74,23.31,810.33,5.88,13.21,2.28,제주
2019,남해,서귀포항,21.15,30.37,8.14,8.17,1.35,25.97,5.33,143.06,174.37,644.89,21.07,28.63,1088.73,3.62,2.39,3.48,제주
2019,남해,한림항,20.1,32.37,8.15,8.26,1.3,26.65,4.12,140.89,171.65,361.11,14.35,24.28,470.25,10.68,0.42,2.02,전남
2019,남해,완도항,15.84,32.9,8.13,8.39,1.22,3.86,3.31,42.01,49.18,201.47,12.28,26.29,343.91,9.45,0.19,1.9,전남
2019,서해,목포항,15.5,30.19,8.23,10.57,3.0,11.99,15.72,120.76,148.47,432.66,3.53,29.54,111.65,8.05,2.35,1.7,전남
2019,서해,대천항,14.93,31.72,8.0,8.69,1.86,17.28,2.02,69.62,88.92,265.9,19.86,32.92,335.41,11.58,2.93,1.9,충남
2019,서해,평택항,15.8,30.39,7.94,9.14,3.7,104.08,17.52,404.02,525.62,843.37,31.62,60.05,688.07,8.3,6.5,1.3,경기
2019,서해,인천항,14.56,27.24,7.9,8.08,1.55,409.84,35.08,445.13,890.04,1141.64,60.76,77.19,801.15,11.82,2.33,1.6,인천
2019,서해,섬진강,16.93,23.54,8.14,8.85,2.09,42.41,6.72,398.6,447.73,611.25,15.71,31.53,1053.2,5.17,2.19,2.02,전북
2019,서해,낙동강하구,17.74,22.66,8.07,8.68,2.56,67.09,21.74,677.99,766.81,995.45,14.1,40.66,758.24,7.08,5.08,2.15,부산
2019,연안,진해만,17.62,32.38,8.23,8.77,1.46,13.31,2.08,9.24,24.63,180.22,5.71,23.5,218.77,4.47,2.08,5.54,경남
2019,특별관리,진해만,17.07,32.6,8.27,8.18,1.35,40.52,5.45,23.52,69.5,223.52,8.75,25.77,230.0,5.37,2.55,3.81,경남
2020,동해,거진연안,16.06,32.99,8.18,9.39,1.6,10.41,1.96,41.76,54.13,163.54,7.29,21.76,212.61,5.07,2.09,6.06,강원
2020,동해,속초연안,15.78,33.49,8.19,9.06,1.29,9.54,1.85,32.07,43.46,123.05,5.56,16.23,182.56,4.6,2.28,9.18,강원
2020,동해,양양연안,15.75,33.55,8.19,9.18,1.34,7.42,1.93,32.54,41.89,122.01,5.21,16.03,168.11,6.08,1.99,8.82,강원
2020,동해,주문진연안,15.84,33.4,8.22,9.42,1.59,7.94,1.11,23.88,32.92,129.42,3.82,15.81,135.45,7.55,2.98,8.0,강원
2020,동해,강릉연안,16.17,33.11,8.22,9.29,1.34,6.4,1.68,28.25,36.33,131.49,5.03,16.11,148.14,8.44,2.85,8.18,강원
2020,동해,동해연안,16.2,32.99,8.19,9.1,1.38,3.46,2.41,30.71,36.59,137.77,5.43,17.26,157.48,7.79,2.3,9.03,강원
2020,동해,삼척연안,16.83,33.1,8.23,9.19,1.38,4.17,2.53,36.98,43.67,139.48,5.73,16.18,176.48,6.79,1.45,9.31,강원
2020,동해,죽변연안,16.29,33.19,8.16,9.02,1.32,9.05,2.0,36.84,47.89,163.98,6.73,21.53,184.02,6.28,2.39,8.97,경북
2020,동해,후포연안,16.98,33.58,8.23,9.12,1.14,3.96,1.83,34.32,40.11,131.26,5.18,15.41,156.32,8.71,1.21,9.91,경북
2020,동해,축산연안,17.16,33.85,8.27,9.22,1.4,4.1,1.81,33.29,39.21,134.07,5.34,16.72,164.77,6.14,1.54,10.31,경북
2020,동해,강구연안,17.32,33.7,8.25,9.64,1.51,3.26,1.51,30.05,34.82,124.77,4.83,14.5,164.1,4.98,1.32,7.85,경북
2020,동해,월포연안,17.39,33.31,8.12,8.84,1.43,6.82,1.19,17.67,25.69,119.69,3.06,14.12,106.6,6.99,0.98,8.39,경북
2020,동해,영일만,16.72,32.92,8.17,9.38,1.32,13.91,2.71,46.45,63.07,184.47,6.26,20.37,212.53,9.64,1.78,4.97,경북
2020,동해,구룡포연안,16.2,33.63,8.2,9.25,1.61,4.99,2.28,38.89,46.16,155.75,6.34,21.39,216.19,7.75,2.52,6.63,경북
2020,동해,감포연안,16.71,33.68,8.2,9.11,1.44,3.79,2.55,38.63,44.97,146.16,6.64,20.66,263.52,8.18,2.53,5.99,경북
2020,남해,울산연안,15.65,32.69,8.1,8.32,1.62,49.47,8.46,142.69,200.62,325.98,19.98,38.73,470.53,9.15,3.82,3.4,울산
2020,남해,온산연안,15.42,33.41,8.12,8.45,1.26,23.53,6.99,126.34,156.87,260.91,16.84,32.08,379.94,8.16,3.88,3.83,울산
2020,남해,기장연안,18.21,33.34,8.23,8.77,1.42,4.69,3.6,42.63,50.92,157.44,7.04,19.42,240.65,7.45,2.77,4.33,부산
2020,남해,부산연안,17.57,33.04,8.19,8.72,1.51,19.98,5.47,64.84,90.29,217.69,9.58,25.06,255.63,7.05,3.17,4.16,부산
2020,남해,낙동강하구,17.57,30.93,8.2,8.71,2.2,13.86,5.74,114.02,133.63,272.9,6.16,27.79,374.62,10.28,6.6,4.26,부산
2020,남해,신항연안,16.61,32.09,8.08,8.93,1.64,26.89,12.13,92.42,131.44,261.62,14.79,36.17,399.25,16.39,3.91,1.3,경남
2020,남해,행암만,17.71,30.11,8.26,9.64,3.33,52.53,11.54,70.62,134.68,403.06,7.07,46.08,448.08,11.78,13.44,2.62,경남
2020,남해,마산만,17.61,28.88,8.23,8.68,2.93,63.17,14.63,63.39,141.19,392.55,11.7,46.56,691.67,11.78,8.16,2.42,경남
2020,남해,진해만,17.3,31.14,8.04,8.87,2.18,28.17,4.31,22.04,54.53,223.8,8.68,28.52,349.41,7.1,4.18,4.27,경남
2020,남해,거제도동안,17.15,32.69,8.17,8.55,1.78,3.26,3.07,41.65,47.98,170.65,6.29,21.73,240.92,6.75,3.25,4.66,경남
2020,남해,거제도남안,16.62,32.96,8.15,8.59,1.51,11.98,3.62,37.02,52.62,169.07,9.7,25.74,315.86,7.28,3.37,4.48,경남
2020,남해,통영연안,16.88,32.35,8.05,8.99,1.53,23.34,4.89,37.67,65.9,197.83,13.15,30.9,332.28,8.92,3.1,3.58,경남
2020,남해,통영외안,17.38,32.71,8.12,8.54,1.57,7.99,4.71,39.55,52.25,172.43,8.66,23.11,287.76,7.71,2.33,3.84,경남
2020,남해,고성자란만,17.2,32.07,8.04,8.75,1.56,18.08,3.9,17.86,39.83,173.56,9.88,25.11,422.02,9.25,1.86,4.02,경남
2020,남해,사천연안,16.76,30.8,8.08,8.48,1.56,20.56,6.53,68.96,96.05,217.0,15.05,31.09,517.22,11.74,2.24,3.02,경남
2020,남해,진주만,16.61,30.29,8.14,9.67,2.24,17.04,4.88,35.24,57.17,241.0,10.63,39.34,454.21,17.25,6.93,2.05,경남
2020,남해,남해도남안,17.48,32.11,8.25,9.28,1.79,5.94,3.9,31.42,41.25,179.81,7.22,25.32,262.63,8.87,4.92,3.47,경남
2020,남해,광양만,17.42,28.45,8.11,8.72,2.12,39.45,12.81,136.81,189.07,340.63,19.75,42.64,721.95,12.5,7.91,2.12,전남
2020,남해,여수연안,16.61,31.52,8.13,8.48,1.72,19.7,8.87,61.74,90.31,229.89,13.58,29.94,450.56,9.14,6.43,2.53,전남
2020,남해,가막만,17.05,31.87,8.25,9.45,2.42,16.26,3.87,30.25,50.37,197.96,9.26,30.3,349.41,14.81,5.71,2.86,전남
2020,남해,여자만,17.07,29.94,8.18,9.63,2.45,27.95,5.39,29.41,62.75,254.83,9.12,41.37,467.91,23.01,9.95,1.67,전남
2020,남해,고흥연안,16.86,32.59,8.13,8.73,1.33,9.84,7.5,44.01,61.36,180.06,9.87,28.83,361.74,20.08,2.57,2.05,전남
2020,남해,득량만,16.73,31.12,8.1,8.68,1.76,24.21,5.74,37.7,67.66,221.16,12.66,38.68,402.0,20.4,5.96,1.53,전남
2020,제주,제주연안,19.16,32.93,8.36,8.51,1.02,9.64,2.05,55.37,67.06,164.85,6.4,15.66,338.3,8.58,1.26,7.24,제주
2020,제주,조천연안,18.95,32.99,8.37,8.22,1.45,11.4,1.86,34.7,47.96,153.62,6.52,13.91,189.32,8.53,1.21,9.79,제주
2020,제주,성산연안,19.71,33.33,8.37,8.18,1.07,3.85,1.98,21.67,27.5,121.95,4.8,11.71,134.54,9.67,1.44,9.0,제주
2020,제주,표선연안,20.53,33.5,8.38,8.3,1.45,9.55,1.84,18.97,30.36,134.23,4.46,13.33,147.04,9.11,1.99,9.01,제주
2020,제주,서귀포연안,20.94,33.55,8.43,8.11,1.41,5.76,1.68,25.73,33.17,128.42,3.91,12.34,169.4,8.88,1.19,8.76,제주
2020,제주,대정연안,20.04,33.7,8.37,8.31,1.22,10.88,1.71,29.05,41.64,131.74,5.54,13.4,159.81,7.6,1.25,8.87,제주
2020,제주,한림연안,19.24,33.59,8.36,7.78,1.18,10.59,2.08,32.39,45.06,146.21,5.56,14.15,168.25,8.28,1.59,7.06,전남
2020,남해,완도연안,16.44,32.89,8.09,8.76,1.61,9.41,5.41,63.77,78.58,194.38,11.97,26.98,230.18,7.7,0.65,2.04,전남
2020,남해,도암만,17.05,31.04,8.03,9.27,1.72,15.43,4.93,49.65,70.01,241.42,10.25,34.22,271.84,12.5,2.21,1.27,전남
2020,남해,진도연안,16.1,32.66,8.07,8.9,1.59,3.84,2.93,83.1,89.87,218.28,12.06,33.79,254.5,32.64,0.9,1.02,전남
2020,서해,해남만,16.15,28.18,8.13,9.53,1.77,13.47,11.21,145.59,170.27,327.51,9.52,25.92,336.01,11.11,4.11,2.25,전남
2020,서해,목포연안,16.37,29.01,8.08,9.09,1.93,21.31,15.82,211.08,248.2,387.09,15.09,34.44,400.17,20.17,3.85,1.85,전남
2020,서해,신안연안,15.94,31.46,8.08,8.85,1.33,4.44,7.38,141.88,153.7,265.25,15.51,37.16,358.73,43.17,4.29,1.06,전남
2020,서해,무안연안,16.76,30.19,8.05,9.25,1.7,11.58,11.58,158.68,181.84,342.88,15.89,36.26,403.89,32.02,2.85,1.16,전남
2020,서해,함평연안,17.04,30.5,7.96,9.83,2.09,10.46,9.07,106.18,125.71,322.64,18.36,49.9,303.87,33.58,1.97,0.74,전남
2020,서해,고창연안,16.5,30.98,8.16,9.74,2.7,7.66,2.62,38.82,49.1,256.5,9.39,50.24,186.0,150.19,7.91,1.26,전북
2020,서해,전주포연안,15.93,29.98,8.21,9.88,2.34,12.87,3.53,31.04,47.45,236.29,5.69,29.25,135.77,17.1,6.7,3.14,전북
2020,서해,군산연안,15.58,26.47,8.13,9.5,2.36,48.93,8.88,181.1,238.91,441.29,12.97,40.39,389.48,19.1,6.69,2.16,전북
2020,서해,보령연안,15.65,28.84,8.06,9.57,2.32,13.09,6.16,96.64,115.89,310.42,6.87,27.66,232.67,12.11,4.72,2.58,충남
2020,서해,천수만,15.52,29.35,8.13,9.44,2.12,39.09,8.98,101.67,149.73,327.62,13.85,32.84,271.25,11.61,3.71,2.73,충남
2020,서해,태안연안,14.47,30.84,8.09,9.08,1.74,13.26,4.92,81.43,99.61,259.16,12.12,30.24,216.59,17.43,2.2,3.23,충남
2020,서해,가로림연안,13.75,31.08,8.04,8.77,1.76,13.4,8.88,125.09,147.37,286.93,19.13,37.13,262.48,25.43,1.41,1.81,충남
2020,서해,대산연안,13.71,30.73,8.03,8.68,1.98,13.73,16.74,140.62,171.09,326.67,20.68,37.1,305.01,20.96,1.7,1.59,충남
2020,서해,아산연안,14.22,28.82,8.04,8.64,2.27,53.37,21.18,217.79,292.34,465.17,26.8,48.25,480.67,21.08,2.72,1.55,충남
2020,서해,인천연안,14.23,28.59,8.03,8.78,2.26,82.72,19.77,299.54,402.03,604.07,31.07,58.6,524.19,42.39,3.38,1.26,인천
2020,서해,시화호,14.42,28.62,8.18,9.6,2.59,74.14,12.59,124.18,210.91,470.67,18.01,51.45,356.57,6.65,5.99,1.61,인천
2020,동해,거진항,15.69,31.73,8.16,9.17,1.9,36.9,2.58,79.54,119.01,213.27,13.8,31.26,367.05,5.98,3.81,2.5,강원
2020,동해,속초항,16.91,30.69,8.16,9.1,1.63,26.17,2.13,54.26,82.55,141.72,7.63,22.12,219.6,5.01,2.86,4.58,강원
2020,동해,주문진항,16.7,31.34,8.12,8.53,1.56,48.97,2.27,51.42,102.66,222.95,13.97,30.57,204.96,9.13,2.01,2.6,강원
2020,동해,묵호항,16.96,31.95,8.18,9.58,1.3,25.14,3.79,83.09,112.02,212.2,9.28,21.51,251.85,7.65,3.35,4.65,강원
2020,동해,삼척항,17.84,32.43,8.18,8.91,1.62,24.67,3.02,62.58,90.27,170.15,7.9,20.07,220.51,8.03,1.75,4.65,강원
2020,동해,죽변항,15.85,33.08,8.17,9.34,1.7,14.4,1.74,53.92,70.06,141.37,8.12,23.48,294.45,4.82,2.3,4.65,경북
2020,동해,후포항,16.69,33.02,8.17,9.23,1.54,12.24,1.98,50.68,64.9,128.39,7.8,18.99,208.98,4.73,1.42,4.15,경북
2020,동해,축산항,17.25,33.65,8.26,9.35,1.44,21.68,1.25,42.46,65.38,125.73,6.11,16.79,154.73,5.75,0.7,6.45,경북
2020,동해,강구항,18.14,32.76,8.26,9.61,1.45,5.13,2.45,66.94,74.52,172.57,8.06,18.12,276.96,5.55,1.5,3.25,경북
2020,동해,포항 구항,16.96,32.51,8.1,9.73,0.86,23.73,3.71,74.67,102.11,231.96,9.69,26.38,250.14,10.6,1.79,2.9,경북
2020,동해,구룡포항,16.78,32.75,8.18,9.26,2.41,18.82,1.79,46.28,66.88,161.98,8.15,25.98,264.11,11.0,3.8,4.4,경북
2020,동해,감포항,16.52,33.03,8.13,8.3,1.67,32.8,1.69,42.67,77.17,205.29,10.18,29.61,298.61,9.1,3.19,3.8,경북
2020,남해,울산항,17.43,26.58,7.96,7.24,1.73,77.73,10.23,187.25,275.21,362.53,32.26,48.24,679.69,7.17,2.3,2.7,울산
2020,남해,대변항,19.44,33.03,8.13,8.72,1.6,26.73,3.56,50.77,81.07,200.54,13.92,32.8,306.0,17.73,2.83,3.5,부산
2020,남해,부산항,18.21,32.46,8.15,9.48,1.8,43.7,4.58,66.19,114.47,240.48,13.39,31.39,333.35,5.62,3.25,3.99,부산
2020,남해,신항,15.65,31.52,8.13,9.73,1.61,30.6,6.17,91.34,128.11,276.66,11.59,33.84,415.3,10.65,5.07,1.75,경남
2020,남해,마산항,17.63,23.12,8.34,9.93,4.16,79.43,13.95,96.88,190.26,543.05,11.13,62.88,1089.17,23.79,15.46,1.9,경남
2020,남해,옥포항,17.04,31.16,8.13,8.67,2.09,32.09,7.83,108.1,148.01,263.31,11.66,29.36,400.18,8.71,4.72,2.85,경남
2020,남해,삼덕항,17.04,32.41,8.09,9.49,2.04,47.49,2.99,41.77,92.25,189.4,10.5,32.24,306.06,8.88,7.57,3.48,경남
2020,남해,삼천포항,15.84,28.01,7.95,8.58,1.93,35.57,7.08,98.65,141.3,240.65,15.02,33.77,738.91,9.51,1.17,1.33,경남
2020,남해,광 양 만,17.84,26.5,8.02,8.48,2.53,31.69,17.65,152.92,202.27,364.85,30.78,66.54,933.79,12.68,14.8,1.05,충남
2020,남해,여수신항,15.72,29.68,8.07,7.74,1.48,15.75,15.57,105.96,137.27,248.83,20.21,32.37,713.51,8.42,6.77,1.68,전남
2020,남해,제주항,20.19,32.74,8.18,8.29,0.93,11.47,2.16,164.92,178.55,286.56,12.49,24.48,799.83,12.28,1.13,4.2,제주
2020,남해,성산항,19.37,32.55,8.44,9.19,2.29,16.03,2.79,109.05,127.87,243.02,7.66,21.68,682.02,16.13,2.35,2.35,제주
2020,남해,서귀포항,21.4,32.13,8.41,8.67,2.01,25.14,2.95,300.02,328.12,513.07,10.01,29.23,1471.95,14.61,4.26,3.63,제주
2020,남해,한림항,19.84,32.99,8.33,8.09,0.98,20.11,2.11,145.4,167.63,265.27,8.02,20.66,233.3,11.24,3.06,1.75,전남
2020,남해,완도항,16.31,32.74,8.01,8.9,1.27,12.77,3.0,62.47,78.24,192.09,11.56,25.79,286.73,9.8,0.65,1.5,전남
2020,서해,목포항,16.54,27.48,8.16,10.12,2.28,17.27,17.31,221.49,256.07,440.04,12.02,35.8,467.69,13.34,8.1,1.75,전남
2020,서해,대천항,15.39,25.64,7.96,9.33,2.21,59.83,11.45,329.41,400.69,536.46,14.09,27.51,702.28,15.0,3.77,2.75,충남
2020,서해,평택항,14.09,24.17,8.05,9.19,2.77,113.94,31.56,461.44,606.94,854.91,32.1,63.86,750.37,24.45,11.0,1.0,경기
2020,서해,인천항,14.84,23.28,7.93,8.02,2.21,254.88,29.32,517.98,802.17,1278.93,62.16,87.65,882.97,8.25,1.86,1.75,인천
2020,서해,섬진강,16.76,20.94,7.98,9.13,2.46,38.84,11.51,549.71,600.05,758.01,11.7,31.61,1890.13,9.43,9.33,1.97,전북
2020,서해,낙동강하구,16.93,19.44,7.87,8.97,3.41,68.39,18.66,880.51,967.55,1207.51,24.02,42.37,1466.05,13.17,4.33,1.58,부산
2020,연안,진해만,17.34,31.17,8.02,9.18,2.12,19.34,2.44,12.27,34.05,193.79,7.13,26.47,290.59,6.51,4.1,4.6,경남
2020,특별관리,진해만,16.89,31.34,8.2,8.9,2.55,50.53,9.01,45.37,104.91,299.54,8.83,30.74,354.95,7.08,6.52,3.26,경남
2021,동해,거진연안,16.15,33.59,8.25,8.98,1.32,2.4,2.47,40.97,45.83,153.15,6.85,17.76,165.8,6.48,1.64,8.88,강원
2021,동해,속초연안,15.93,33.65,8.24,8.92,1.33,2.74,2.56,40.31,45.61,151.83,6.85,16.77,168.67,7.89,1.51,9.53,강원
2021,동해,양양연안,16.06,33.73,8.24,8.65,1.46,5.45,2.35,25.49,33.29,167.54,6.48,16.56,150.24,7.19,1.33,10.44,강원
2021,동해,주문진연안,15.66,33.86,8.22,9.11,1.41,5.78,2.38,38.8,46.97,159.35,6.96,16.17,157.74,6.82,1.39,9.45,강원
2021,동해,강릉연안,16.04,33.9,8.2,8.76,1.31,2.93,2.69,44.38,50.0,139.05,7.98,16.68,168.87,7.33,1.1,10.95,강원
2021,동해,동해연안,16.77,33.84,8.24,8.8,1.49,2.38,2.23,37.94,42.55,120.37,7.28,18.11,168.12,6.28,1.65,10.97,강원
2021,동해,삼척연안,17.2,33.56,8.27,8.99,1.2,4.75,2.19,28.33,35.27,119.68,6.78,17.58,172.97,6.19,1.44,9.63,강원
2021,동해,죽변연안,15.56,33.97,8.21,8.9,1.15,7.25,2.23,50.63,60.1,141.53,8.64,22.48,212.53,6.47,1.77,9.97,경북
2021,동해,후포연안,17.22,33.65,8.27,8.99,1.14,4.1,2.21,44.64,50.95,143.48,7.27,19.02,179.69,6.33,1.17,9.94,경북
2021,동해,축산연안,17.31,33.29,8.28,8.86,1.22,4.1,2.29,39.24,45.61,145.59,6.68,18.92,206.89,6.98,1.7,9.19,경북
2021,동해,강구연안,16.51,33.27,8.3,8.96,1.25,4.7,2.41,52.04,59.15,148.08,7.34,17.52,223.46,5.21,1.56,7.88,경북
2021,동해,월포연안,15.42,33.88,8.2,9.01,1.14,2.42,2.61,39.01,44.03,153.94,6.94,20.15,219.1,7.48,2.2,7.44,경북
2021,동해,영일만,17.09,33.49,8.23,8.73,1.37,10.15,3.65,57.5,71.3,182.13,9.62,22.97,257.16,5.15,2.03,5.22,경북
2021,동해,구룡포연안,17.76,33.37,8.24,8.71,1.15,6.84,3.36,40.19,50.39,136.93,7.84,17.12,199.64,5.15,1.81,7.63,경북
2021,동해,감포연안,17.92,33.36,8.2,8.46,1.32,5.89,4.13,47.98,58.0,138.59,9.55,20.82,230.31,8.48,1.92,5.94,경북
2021,남해,울산연안,16.99,32.22,8.14,7.59,1.49,63.32,10.19,145.07,218.58,325.88,20.35,34.07,423.54,8.09,2.42,3.42,울산
2021,남해,온산연안,17.29,32.73,8.18,8.01,1.34,29.57,7.72,129.15,166.44,285.93,15.27,29.51,372.24,8.4,2.41,3.68,울산
2021,남해,기장연안,18.12,33.28,8.11,7.88,1.12,7.26,4.32,70.81,82.39,183.51,10.26,22.57,303.0,8.3,1.58,3.76,부산
2021,남해,부산연안,17.88,33.11,8.09,7.92,1.26,23.8,6.58,98.24,128.62,222.06,15.49,28.28,327.39,7.12,2.19,3.6,부산
2021,남해,낙동강하구,17.54,32.78,8.17,8.05,1.29,3.51,4.76,49.86,58.13,178.86,7.06,20.64,230.8,9.24,2.87,4.41,부산
2021,남해,행암만,18.11,32.13,8.28,10.03,3.21,23.93,2.15,18.24,44.32,301.9,4.84,41.67,245.12,18.06,11.96,2.31,경남
2021,남해,마산만,17.41,31.51,8.15,7.82,2.72,42.32,5.62,42.72,90.66,312.52,11.96,44.27,354.41,14.81,7.94,2.75,경남
2021,남해,진해만,17.45,31.92,8.16,8.45,1.87,11.85,2.93,23.6,38.38,201.12,5.03,24.18,270.46,6.76,3.79,4.8,경남
2021,남해,거제도동안,18.33,32.8,8.2,8.62,1.53,4.07,2.61,24.85,31.51,162.94,5.4,20.68,175.29,8.38,2.25,5.31,경남
2021,남해,거제도남안,18.12,33.2,8.08,7.99,1.38,7.35,4.15,43.16,54.66,179.78,11.55,24.92,281.59,11.07,2.07,5.07,경남
2021,남해,통영연안,18.0,32.83,8.06,8.19,1.7,12.93,5.04,40.97,58.94,203.8,11.12,29.44,292.9,10.98,2.92,3.83,경남
2021,남해,통영외안,18.04,33.2,8.13,8.34,1.58,2.34,3.3,36.28,41.92,146.31,7.68,21.05,213.06,11.22,1.73,5.38,경남
2021,남해,고성자란만,18.51,32.73,8.04,8.38,1.5,9.14,1.61,18.65,29.39,165.31,8.42,25.53,260.09,8.17,1.87,5.06,경남
2021,남해,사천연안,18.01,32.79,8.09,8.04,1.95,8.14,3.56,20.85,32.55,186.77,9.98,24.28,226.26,11.66,2.09,3.83,경남
2021,남해,진주만,18.42,32.12,8.02,7.92,1.98,10.19,5.32,18.12,33.62,209.9,12.33,35.24,383.96,9.25,4.9,1.88,경남
2021,남해,남해도남안,18.47,32.99,8.14,8.21,1.17,5.15,4.0,33.88,43.03,146.75,6.12,18.83,195.23,8.08,1.55,4.37,경남
2021,남해,광양만,18.42,31.73,8.13,8.22,1.99,25.41,12.88,45.69,83.99,239.48,15.54,39.13,312.12,9.76,3.64,2.45,전남
2021,남해,여수연안,18.12,32.35,8.13,8.55,1.83,9.55,9.21,28.09,46.84,181.36,9.5,26.88,222.3,9.55,3.12,3.68,전남
2021,남해,가막만,18.2,32.64,8.13,8.4,1.63,16.46,4.75,24.5,45.71,175.84,8.04,26.13,256.84,12.38,2.6,3.2,전남
2021,남해,여자만,18.27,31.55,8.06,8.68,2.6,9.66,2.56,25.67,37.87,225.29,11.09,47.04,490.08,39.18,4.73,1.08,전남
2021,남해,고흥연안,17.75,32.71,8.12,8.4,1.45,5.6,8.74,38.38,52.71,159.96,9.58,24.72,277.51,31.4,1.71,2.38,전남
2021,남해,득량만,17.77,32.08,8.12,8.54,1.59,8.8,9.82,28.05,46.66,164.38,12.99,28.52,324.97,25.01,2.04,2.69,전남
2021,제주,제주연안,19.46,33.27,8.21,8.42,0.98,14.27,2.75,36.48,53.5,142.57,5.05,13.18,176.03,30.96,1.28,9.97,제주
2021,제주,조천연안,19.22,33.32,8.21,8.42,1.08,7.51,2.93,36.74,47.19,154.89,5.35,13.49,137.59,27.92,1.84,9.67,제주
2021,제주,성산연안,19.16,33.57,8.22,8.83,1.2,13.06,2.41,27.45,42.93,140.23,4.11,11.61,133.1,25.66,1.13,10.19,제주
2021,제주,표선연안,19.44,33.54,8.25,8.88,1.3,8.57,2.58,37.08,48.23,165.41,5.09,15.63,195.97,25.46,2.04,9.5,제주
2021,제주,서귀포연안,19.73,33.61,8.21,8.95,1.21,6.89,2.58,56.32,65.79,150.43,4.69,10.95,260.36,26.1,1.26,10.88,제주
2021,제주,대정연안,19.31,33.66,8.16,8.51,0.99,15.26,2.88,42.31,60.45,159.36,5.69,12.47,152.71,28.69,1.13,11.25,제주
2021,제주,한림연안,19.23,33.52,8.18,8.64,1.22,18.62,3.01,50.39,72.02,148.31,7.15,13.03,191.5,26.28,0.61,10.44,전남
2021,남해,완도연안,17.14,32.68,8.16,8.16,1.3,19.38,5.61,59.94,84.93,195.6,13.4,26.49,309.21,9.28,0.91,2.57,전남
2021,남해,도암만,17.99,30.97,8.08,8.42,1.95,55.32,7.73,89.72,152.77,323.36,25.53,48.06,711.4,10.63,3.95,1.39,전남
2021,남해,진도연안,16.78,32.17,8.09,8.51,1.65,12.5,3.98,81.94,98.43,217.69,13.17,30.41,311.59,24.31,1.38,1.37,전남
2021,남해,신항연안,17.18,32.49,8.1,7.49,1.91,32.84,7.94,67.03,107.79,250.7,15.8,31.78,277.83,11.56,2.29,1.84,경남
2021,서해,해남만,17.27,29.14,8.0,9.07,1.56,22.08,11.01,162.39,195.48,337.08,15.57,30.87,270.71,12.78,2.31,1.83,전남
2021,서해,목포연안,17.26,28.38,7.94,8.74,1.88,53.66,23.94,359.89,437.51,637.91,15.59,36.95,361.8,15.7,2.3,1.62,전남
2021,서해,신안연안,16.68,31.59,7.95,8.6,1.62,14.11,4.9,90.78,109.8,257.86,14.57,34.06,265.95,57.88,1.04,0.99,전남
2021,서해,무안연안,17.19,31.02,7.95,8.57,1.69,28.33,9.23,113.16,150.73,262.95,15.57,36.41,325.94,44.8,1.67,1.05,전남
2021,서해,함평연안,15.76,31.31,8.09,8.77,1.83,36.74,4.89,78.77,120.4,261.02,16.78,36.84,332.31,23.95,1.74,1.44,전남
2021,서해,고창연안,16.6,31.26,7.86,8.97,2.03,29.46,5.09,54.0,88.55,260.97,13.42,39.22,257.66,52.4,2.48,1.04,전북
2021,서해,전주포연안,15.34,30.96,7.95,9.25,1.97,16.87,7.81,50.22,74.91,258.95,11.61,34.46,218.51,11.64,2.81,2.51,전북
2021,서해,군산연안,15.86,29.11,7.87,9.08,2.47,50.06,12.84,165.49,228.39,423.18,18.08,42.6,332.22,19.62,2.68,1.72,전북
2021,서해,보령연안,15.18,31.45,7.92,8.63,1.45,12.93,7.29,56.49,76.72,236.64,14.82,28.53,253.08,14.95,2.05,2.03,충남
2021,서해,천수만,15.37,31.29,7.88,9.4,2.06,16.3,5.15,33.52,54.96,232.54,14.21,37.26,288.07,15.51,4.25,1.79,충남
2021,서해,태안연안,14.19,31.49,7.82,9.1,1.67,7.91,3.33,81.37,92.6,243.43,14.62,30.87,254.54,16.63,1.58,2.28,충남
2021,서해,가로림연안,13.46,31.3,7.97,8.99,1.7,11.2,4.02,115.47,130.69,255.87,17.66,30.45,274.27,16.7,1.36,1.75,충남
2021,서해,대산연안,13.22,30.94,7.95,9.18,1.63,15.16,5.35,136.77,157.25,285.31,18.22,32.42,247.04,14.32,1.38,2.17,충남
2021,서해,아산연안,13.5,30.41,7.99,8.86,1.7,23.18,9.06,165.21,197.45,363.64,20.13,36.97,282.63,9.51,2.23,2.21,충남
2021,서해,인천연안,13.64,30.03,7.95,9.11,1.8,57.58,11.0,240.75,309.32,470.69,23.89,47.51,351.24,18.06,2.57,1.56,인천
2021,서해,시화호,14.2,28.84,8.07,8.7,2.18,77.67,16.97,233.41,328.05,509.64,34.5,57.57,596.81,14.0,3.49,1.77,인천
2021,동해,거진항,16.07,33.1,8.22,9.32,1.45,28.45,2.18,31.61,62.24,157.86,9.16,18.54,165.06,9.88,0.44,5.0,강원
2021,동해,속초항,15.63,33.42,8.19,8.63,1.38,9.79,1.81,27.75,39.34,173.34,6.6,19.14,112.15,11.35,2.48,4.63,강원
2021,동해,주문진항,15.33,33.56,8.13,9.03,1.79,51.93,2.96,48.45,103.33,311.87,20.91,35.11,192.6,6.95,0.94,4.75,강원
2021,동해,묵호항,17.49,33.58,8.2,8.19,1.44,20.53,2.77,39.66,62.95,204.13,12.16,20.09,199.65,8.14,1.93,7.25,강원
2021,동해,삼척항,18.01,33.36,8.19,8.13,1.52,21.64,2.39,39.47,63.5,213.66,11.85,22.92,243.41,7.83,1.31,4.75,강원
2021,동해,죽변항,19.49,32.79,8.2,8.13,1.16,4.76,1.88,28.05,34.69,163.49,10.31,18.65,263.13,8.85,1.22,6.75,경북
2021,동해,후포항,18.81,32.71,8.24,8.38,1.21,10.17,2.01,41.82,54.0,189.01,10.56,21.42,273.11,9.38,1.55,4.25,경북
2021,동해,축산항,18.12,32.98,8.28,8.37,1.04,6.37,1.88,28.51,36.76,136.72,8.71,15.47,194.24,3.83,0.65,8.25,경북
2021,동해,강구항,17.85,30.18,8.28,8.41,1.64,3.58,1.95,36.91,42.44,146.82,9.19,14.94,221.35,28.58,0.83,8.5,경북
2021,동해,포항 구항,17.44,33.15,8.21,8.7,1.29,34.79,4.41,84.96,124.17,248.1,16.0,31.03,355.64,7.1,4.31,2.85,경북
2021,동해,구룡포항,18.13,32.17,8.21,7.98,1.54,33.24,4.48,68.36,106.07,223.45,11.8,24.29,316.09,8.3,3.38,4.25,경북
2021,동해,감포항,18.49,32.79,8.21,8.93,1.17,14.53,2.96,38.98,56.47,191.13,12.42,21.64,208.05,7.9,1.35,4.5,경북
2021,남해,울산항,16.36,30.22,8.0,6.43,1.72,117.28,14.39,263.71,395.38,513.77,28.71,51.09,722.47,6.55,2.09,2.25,울산
2021,남해,대변항,19.95,32.56,7.95,6.94,1.94,51.41,4.81,72.83,129.05,228.17,18.62,35.82,326.48,8.85,1.44,2.6,부산
2021,남해,부산항,19.9,32.49,8.02,7.61,1.75,37.45,4.65,51.62,93.72,213.13,11.81,31.17,218.02,6.42,2.85,3.53,부산
2021,남해,신항,18.07,32.08,8.18,8.44,1.53,8.52,4.31,117.32,130.15,219.55,11.97,31.19,355.47,10.85,2.55,1.6,경남
2021,남해,마산항,17.65,31.16,8.16,8.5,3.42,37.41,0.8,6.37,44.58,319.67,10.59,43.83,142.94,12.7,8.14,2.2,경남
2021,남해,옥포항,20.34,31.65,8.03,8.58,1.9,41.52,4.53,64.05,110.1,205.12,11.25,24.52,204.4,7.94,3.29,2.93,경남
2021,남해,삼덕항,18.52,32.84,8.04,8.13,1.85,20.93,3.63,51.82,76.38,186.25,11.52,30.05,239.13,6.98,3.64,3.73,경남
2021,남해,삼천포항,17.88,32.56,8.08,7.81,1.88,9.46,3.73,39.62,52.81,161.22,8.94,25.09,183.25,7.08,1.32,3.75,경남
2021,남해,광 양 만,19.26,31.38,8.14,8.36,2.69,8.32,5.54,25.2,39.06,242.84,22.34,50.95,206.09,8.0,3.02,3.3,충남
2021,남해,여수신항,19.28,31.49,8.07,9.22,2.47,18.43,1.18,9.95,29.56,221.15,2.84,27.15,64.9,10.06,3.01,4.17,전남
2021,남해,제주항,20.75,32.64,8.24,7.59,1.2,5.72,3.08,53.87,62.67,117.47,5.19,11.24,170.8,22.5,1.13,8.05,제주
2021,남해,성산항,20.58,32.42,8.3,9.19,1.6,12.29,4.17,59.86,76.31,185.48,5.32,19.41,192.53,24.13,2.54,3.5,제주
2021,남해,서귀포항,19.63,31.93,8.19,8.84,1.16,15.13,5.16,649.82,670.1,811.71,17.72,30.59,1454.52,17.84,1.4,6.88,제주
2021,남해,한림항,19.76,32.65,8.3,9.34,1.7,23.27,3.91,170.22,197.39,585.26,5.11,19.46,210.85,28.14,3.0,3.5,전남
2021,남해,완도항,18.19,31.5,8.03,7.61,1.86,30.94,8.87,67.99,107.8,241.0,14.63,31.7,255.47,9.47,1.85,1.75,전남
2021,서해,목포항,17.14,27.95,8.06,9.34,1.52,63.11,21.38,260.73,345.22,463.49,15.62,35.24,314.44,8.4,2.51,2.38,전남
2021,서해,대천항,15.82,31.35,7.95,8.79,1.5,36.45,3.46,28.06,67.96,268.0,16.65,27.64,294.83,7.0,1.17,2.65,충남
2021,서해,평택항,15.18,28.95,8.14,10.74,2.49,27.94,8.47,78.52,114.92,491.84,21.78,44.24,124.95,12.2,8.34,2.2,경기
2021,서해,인천항,15.5,28.78,7.93,8.25,2.29,275.58,25.42,374.02,675.02,746.25,40.46,55.06,640.98,12.0,2.5,1.2,인천
2021,서해,섬진강,18.25,24.15,8.03,8.04,2.38,79.86,15.3,420.34,515.5,662.67,23.24,42.14,1323.27,11.32,4.22,2.17,전북
2021,남해,낙동강하구,17.82,23.47,8.23,8.88,2.58,73.97,29.06,569.82,672.83,830.17,12.69,33.19,487.59,9.59,5.38,2.01,부산
