,해역,연안정점,관측일시,수온,수온 QC Flag,기온,기온 QC,운량,천기,지역,year,month
11542,남해,부산(20103),20130101,13.5,2,1.5,2,11%-20%,쾌청(운량:0-2),부산,2013,01
11543,남해,부산(20103),20130102,13.3,2,1.2,2,21%-30%,개임(운량:3-7),부산,2013,01
11544,남해,부산(20103),20130103,12.9,2,-6.3,2,11%-20%,쾌청(운량:0-2),부산,2013,01
11545,남해,부산(20103),20130104,12.9,2,-5.0,2,1%-10%,쾌청(운량:0-2),부산,2013,01
11546,남해,부산(20103),20130105,12.4,2,-4.0,2,1%-10%,쾌청(운량:0-2),부산,2013,01
11547,남해,부산(20103),20130106,12.4,2,3.0,2,11%-20%,쾌청(운량:0-2),부산,2013,01
11548,남해,부산(20103),20130107,12.8,2,2.0,2,1%-10%,쾌청(운량:0-2),부산,2013,01
11549,남해,부산(20103),20130108,12.4,2,2.0,2,1%-10%,쾌청(운량:0-2),부산,2013,01
11550,남해,부산(20103),20130109,12.2,2,-1.5,2,11%-20%,쾌청(운량:0-2),부산,2013,01
11551,남해,부산(20103),20130110,12.4,2,-4.0,2,1%-10%,쾌청(운량:0-2),부산,2013,01
11552,남해,부산(20103),20130111,12.2,2,1.0,2,1%-10%,쾌청(운량:0-2),부산,2013,01
11553,남해,부산(20103),20130112,12.2,2,5.0,2,1%-10%,쾌청(운량:0-2),부산,2013,01
11554,남해,부산(20103),20130113,12.7,2,6.5,2,71%-80%,흐림(운량:8-10),부산,2013,01
11555,남해,부산(20103),20130114,12.6,2,4.0,2,1%-10%,쾌청(운량:0-2),부산,2013,01
11556,남해,부산(20103),20130115,12.4,2,4.0,2,1%-10%,쾌청(운량:0-2),부산,2013,01
11557,남해,부산(20103),20130116,12.3,2,4.0,2,11%-20%,쾌청(운량:0-2),부산,2013,01
11558,남해,부산(20103),20130117,12.0,2,2.0,2,1%-10%,쾌청(운량:0-2),부산,2013,01
11559,남해,부산(20103),20130118,12.1,2,-1.0,2,1%-10%,쾌청(운량:0-2),부산,2013,01
11560,남해,부산(20103),20130119,12.4,2,1.0,2,1%-10%,쾌청(운량:0-2),부산,2013,01
11561,남해,부산(20103),20130120,13.2,2,5.0,2,61%-70%,흐림(운량:8-10),부산,2013,01
11563,남해,부산(20103),20130122,13.1,2,6.5,2,71%-80%,흐림(운량:8-10),부산,2013,01
11564,남해,부산(20103),20130123,13.0,2,6.0,2,71%-80%,흐림(운량:8-10),부산,2013,01
11565,남해,부산(20103),20130124,13.0,2,4.0,2,1%-10%,쾌청(운량:0-2),부산,2013,01
11566,남해,부산(20103),20130125,11.5,2,-2.0,2,1%-10%,쾌청(운량:0-2),부산,2013,01
11567,남해,부산(20103),20130126,11.3,2,-4.0,2,1%-10%,쾌청(운량:0-2),부산,2013,01
11568,남해,부산(20103),20130127,11.6,2,-4.0,2,1%-10%,쾌청(운량:0-2),부산,2013,01
11569,남해,부산(20103),20130128,11.5,2,-3.0,2,1%-10%,쾌청(운량:0-2),부산,2013,01
11570,남해,부산(20103),20130129,11.8,2,6.5,2,11%-20%,쾌청(운량:0-2),부산,2013,01
11571,남해,부산(20103),20130130,11.1,2,4.0,2,21%-30%,개임(운량:3-7),부산,2013,01
11572,남해,부산(20103),20130131,11.1,2,10.0,2,51%-60%,흐림(운량:8-10),부산,2013,01
11574,남해,부산(20103),20130202,12.2,2,8.6,2,11%-20%,쾌청(운량:0-2),부산,2013,02
11575,남해,부산(20103),20130203,12.4,2,5.0,2,11%-20%,쾌청(운량:0-2),부산,2013,02
11576,남해,부산(20103),20130204,11.9,2,8.0,2,81%-90%,비,부산,2013,02
11577,남해,부산(20103),20130205,11.9,2,5.0,2,81%-90%,흐림(운량:8-10),부산,2013,02
11579,남해,부산(20103),20130207,11.1,2,1.0,2,21%-30%,개임(운량:3-7),부산,2013,02
11580,남해,부산(20103),20130208,10.7,2,-9.0,2,31%-40%,개임(운량:3-7),부산,2013,02
11581,남해,부산(20103),20130209,11.2,2,-1.4,2,1%-10%,쾌청(운량:0-2),부산,2013,02
11582,남해,부산(20103),20130210,11.1,2,0.0,2,11%-20%,쾌청(운량:0-2),부산,2013,02
11583,남해,부산(20103),20130211,11.1,2,2.0,2,1%-10%,쾌청(운량:0-2),부산,2013,02
11584,남해,부산(20103),20130212,11.7,2,6.0,2,61%-70%,흐림(운량:8-10),부산,2013,02
11585,남해,부산(20103),20130213,11.8,2,0.0,2,1%-10%,쾌청(운량:0-2),부산,2013,02
11586,남해,부산(20103),20130214,11.7,2,5.0,2,11%-20%,쾌청(운량:0-2),부산,2013,02
11587,남해,부산(20103),20130215,11.7,2,5.0,2,21%-30%,쾌청(운량:0-2),부산,2013,02
11588,남해,부산(20103),20130216,11.2,2,0.0,2,1%-10%,쾌청(운량:0-2),부산,2013,02
11589,남해,부산(20103),20130217,11.4,2,5.3,2,71%-80%,흐림(운량:8-10),부산,2013,02
11591,남해,부산(20103),20130219,11.2,2,5.0,2,1%-10%,쾌청(운량:0-2),부산,2013,02
11592,남해,부산(20103),20130220,11.2,2,-1.0,2,1%-10%,쾌청(운량:0-2),부산,2013,02
11593,남해,부산(20103),20130221,11.4,2,1.0,2,61%-70%,흐림(운량:8-10),부산,2013,02
11594,남해,부산(20103),20130222,11.1,2,5.0,2,11%-20%,개임(운량:3-7),부산,2013,02
11595,남해,부산(20103),20130223,11.3,2,4.0,2,1%-10%,쾌청(운량:0-2),부산,2013,02
11596,남해,부산(20103),20130224,11.0,2,2.7,2,1%-10%,쾌청(운량:0-2),부산,2013,02
11597,남해,부산(20103),20130225,11.4,2,7.0,2,1%-10%,쾌청(운량:0-2),부산,2013,02
11598,남해,부산(20103),20130226,11.1,2,8.0,2,61%-70%,흐림(운량:8-10),부산,2013,02
11599,남해,부산(20103),20130227,11.0,2,8.0,2,1%-10%,쾌청(운량:0-2),부산,2013,02
11600,남해,부산(20103),20130228,11.1,2,14.0,2,1%-10%,쾌청(운량:0-2),부산,2013,02
11602,남해,부산(20103),20130302,11.2,2,0.8,2,1%-10%,쾌청(운량:0-2),부산,2013,03
11605,남해,부산(20103),20130305,11.9,2,6.3,2,1%-10%,쾌청(운량:0-2),부산,2013,03
11606,남해,부산(20103),20130306,11.8,2,9.0,2,1%-10%,쾌청(운량:0-2),부산,2013,03
11608,남해,부산(20103),20130308,11.6,2,10.8,2,61%-70%,흐림(운량:8-10),부산,2013,03
11609,남해,부산(20103),20130309,11.8,2,13.0,2,1%-10%,쾌청(운량:0-2),부산,2013,03
11611,남해,부산(20103),20130311,11.5,2,9.0,2,1%-10%,쾌청(운량:0-2),부산,2013,03
11612,남해,부산(20103),20130312,11.5,2,9.0,2,1%-10%,쾌청(운량:0-2),부산,2013,03
11614,남해,부산(20103),20130314,11.5,2,5.0,2,21%-30%,쾌청(운량:0-2),부산,2013,03
11615,남해,부산(20103),20130315,11.3,2,8.0,2,21%-30%,개임(운량:3-7),부산,2013,03
11616,남해,부산(20103),20130316,11.4,2,11.6,2,71%-80%,흐림(운량:8-10),부산,2013,03
11617,남해,부산(20103),20130317,11.6,2,9.0,2,51%-60%,개임(운량:3-7),부산,2013,03
11619,남해,부산(20103),20130319,12.1,2,13.0,2,1%-10%,쾌청(운량:0-2),부산,2013,03
11620,남해,부산(20103),20130320,12.3,2,10.0,2,71%-80%,흐림(운량:8-10),부산,2013,03
11621,남해,부산(20103),20130321,12.3,2,5.2,2,1%-10%,쾌청(운량:0-2),부산,2013,03
11622,남해,부산(20103),20130322,12.3,2,9.0,2,1%-10%,쾌청(운량:0-2),부산,2013,03
11623,남해,부산(20103),20130323,12.3,2,12.0,2,31%-40%,개임(운량:3-7),부산,2013,03
11624,남해,부산(20103),20130324,12.5,2,11.0,2,21%-30%,개임(운량:3-7),부산,2013,03
11625,남해,부산(20103),20130325,12.4,2,7.0,2,61%-70%,개임(운량:3-7),부산,2013,03
11626,남해,부산(20103),20130326,12.2,2,9.0,2,1%-10%,쾌청(운량:0-2),부산,2013,03
11627,남해,부산(20103),20130327,12.2,2,11.0,2,61%-70%,개임(운량:3-7),부산,2013,03
11628,남해,부산(20103),20130328,12.3,2,15.0,2,1%-10%,쾌청(운량:0-2),부산,2013,03
11629,남해,부산(20103),20130329,12.3,2,12.6,2,61%-70%,흐림(운량:8-10),부산,2013,03
11630,남해,부산(20103),20130330,12.4,2,9.0,2,31%-40%,개임(운량:3-7),부산,2013,03
11631,남해,부산(20103),20130331,12.4,2,11.0,2,61%-70%,개임(운량:3-7),부산,2013,03
11632,남해,부산(20103),20130401,12.7,2,12.0,2,51%-60%,비,부산,2013,04
11633,남해,부산(20103),20130402,12.8,2,13.0,2,71%-80%,쾌청(운량:0-2),부산,2013,04
11634,남해,부산(20103),20130403,12.8,2,9.0,2,1%-10%,쾌청(운량:0-2),부산,2013,04
11635,남해,부산(20103),20130404,12.5,2,15.0,2,71%-80%,쾌청(운량:0-2),부산,2013,04
11636,남해,부산(20103),20130405,12.7,2,13.0,2,51%-60%,쾌청(운량:0-2),부산,2013,04
11638,남해,부산(20103),20130407,12.9,2,8.0,2,71%-80%,개임(운량:3-7),부산,2013,04
11640,남해,부산(20103),20130409,12.7,2,10.0,2,11%-20%,쾌청(운량:0-2),부산,2013,04
11641,남해,부산(20103),20130410,12.3,2,4.0,2,1%-10%,흐림(운량:8-10),부산,2013,04
11642,남해,부산(20103),20130411,12.4,2,7.0,2,1%-10%,쾌청(운량:0-2),부산,2013,04
11643,남해,부산(20103),20130412,12.3,2,7.8,2,1%-10%,쾌청(운량:0-2),부산,2013,04
11644,남해,부산(20103),20130413,12.5,2,7.0,2,1%-10%,비,부산,2013,04
11646,남해,부산(20103),20130415,12.7,2,10.0,2,61%-70%,개임(운량:3-7),부산,2013,04
11649,남해,부산(20103),20130418,13.0,2,11.0,2,71%-80%,비,부산,2013,04
11651,남해,부산(20103),20130420,13.0,2,9.0,2,71%-80%,흐림(운량:8-10),부산,2013,04
11652,남해,부산(20103),20130421,13.1,2,10.0,2,1%-10%,쾌청(운량:0-2),부산,2013,04
11653,남해,부산(20103),20130422,13.1,2,13.8,2,1%-10%,쾌청(운량:0-2),부산,2013,04
11654,남해,부산(20103),20130423,13.0,2,15.0,2,81%-90%,개임(운량:3-7),부산,2013,04
11656,남해,부산(20103),20130425,13.3,2,10.0,2,1%-10%,개임(운량:3-7),부산,2013,04
11657,남해,부산(20103),20130426,13.2,2,12.0,2,1%-10%,쾌청(운량:0-2),부산,2013,04
11658,남해,부산(20103),20130427,13.1,2,14.0,2,1%-10%,개임(운량:3-7),부산,2013,04
11659,남해,부산(20103),20130428,13.3,2,16.0,2,1%-10%,쾌청(운량:0-2),부산,2013,04
11660,남해,부산(20103),20130429,13.5,2,15.0,2,71%-80%,흐림(운량:8-10),부산,2013,04
11661,남해,부산(20103),20130430,13.2,2,13.0,2,71%-80%,흐림(운량:8-10),부산,2013,04
11663,남해,부산(20103),20130502,13.5,2,14.0,2,51%-60%,개임(운량:3-7),부산,2013,05
11664,남해,부산(20103),20130503,13.3,2,14.0,2,1%-10%,쾌청(운량:0-2),부산,2013,05
11665,남해,부산(20103),20130504,13.4,2,13.0,2,1%-10%,쾌청(운량:0-2),부산,2013,05
11666,남해,부산(20103),20130505,13.6,2,17.0,2,1%-10%,쾌청(운량:0-2),부산,2013,05
11667,남해,부산(20103),20130506,13.3,2,19.0,2,1%-10%,쾌청(운량:0-2),부산,2013,05
11668,남해,부산(20103),20130507,13.5,2,15.0,2,41%-50%,개임(운량:3-7),부산,2013,05
11669,남해,부산(20103),20130508,13.5,2,15.4,2,31%-40%,개임(운량:3-7),부산,2013,05
11670,남해,부산(20103),20130509,13.6,2,17.0,2,61%-70%,개임(운량:3-7),부산,2013,05
11672,남해,부산(20103),20130511,13.7,2,19.0,2,21%-30%,개임(운량:3-7),부산,2013,05
11673,남해,부산(20103),20130512,13.6,2,19.7,2,1%-10%,쾌청(운량:0-2),부산,2013,05
11674,남해,부산(20103),20130513,13.8,2,17.4,2,81%-90%,안개(Fog),부산,2013,05
11675,남해,부산(20103),20130514,13.9,2,21.7,2,11%-20%,쾌청(운량:0-2),부산,2013,05
11676,남해,부산(20103),20130515,13.9,2,19.3,2,21%-30%,개임(운량:3-7),부산,2013,05
11678,남해,부산(20103),20130517,14.2,2,15.0,2,11%-20%,쾌청(운량:0-2),부산,2013,05
11679,남해,부산(20103),20130518,14.3,2,16.0,2,11%-20%,쾌청(운량:0-2),부산,2013,05
11681,남해,부산(20103),20130520,14.2,2,17.0,2,71%-80%,흐림(운량:8-10),부산,2013,05
11682,남해,부산(20103),20130521,14.0,2,19.0,2,1%-10%,쾌청(운량:0-2),부산,2013,05
11683,남해,부산(20103),20130522,14.1,2,20.2,2,1%-10%,쾌청(운량:0-2),부산,2013,05
11684,남해,부산(20103),20130523,14.8,2,20.4,2,21%-30%,개임(운량:3-7),부산,2013,05
11685,남해,부산(20103),20130524,14.8,2,21.2,2,11%-20%,개임(운량:3-7),부산,2013,05
11686,남해,부산(20103),20130525,14.6,2,18.1,2,81%-90%,안개(Fog),부산,2013,05
11687,남해,부산(20103),20130526,14.7,2,16.0,2,81%-90%,안개(Fog),부산,2013,05
11688,남해,부산(20103),20130527,14.9,2,20.0,2,71%-80%,흐림(운량:8-10),부산,2013,05
11690,남해,부산(20103),20130529,15.1,2,19.2,2,71%-80%,흐림(운량:8-10),부산,2013,05
11691,남해,부산(20103),20130530,14.9,2,22.3,2,21%-30%,개임(운량:3-7),부산,2013,05
11692,남해,부산(20103),20130531,15.0,2,22.6,2,61%-70%,개임(운량:3-7),부산,2013,05
11693,남해,부산(20103),20130601,14.8,2,21.0,2,71%-80%,흐림(운량:8-10),부산,2013,06
11694,남해,부산(20103),20130602,14.9,2,19.0,2,61%-70%,개임(운량:3-7),부산,2013,06
11695,남해,부산(20103),20130603,15.5,2,17.0,2,1%-10%,쾌청(운량:0-2),부산,2013,06
11696,남해,부산(20103),20130604,16.5,2,20.3,2,21%-30%,개임(운량:3-7),부산,2013,06
11697,남해,부산(20103),20130605,16.9,2,21.5,2,71%-80%,흐림(운량:8-10),부산,2013,06
11698,남해,부산(20103),20130606,17.0,2,19.3,2,81%-90%,안개(Fog),부산,2013,06
11699,남해,부산(20103),20130607,18.8,2,20.7,2,71%-80%,흐림(운량:8-10),부산,2013,06
11700,남해,부산(20103),20130608,18.7,2,20.0,2,51%-60%,개임(운량:3-7),부산,2013,06
11701,남해,부산(20103),20130609,19.4,2,20.0,2,71%-80%,흐림(운량:8-10),부산,2013,06
11702,남해,부산(20103),20130610,19.5,2,21.4,2,51%-60%,개임(운량:3-7),부산,2013,06
11703,남해,부산(20103),20130611,19.5,2,22.0,2,71%-80%,흐림(운량:8-10),부산,2013,06
11704,남해,부산(20103),20130612,19.2,2,21.7,2,81%-90%,비,부산,2013,06
11705,남해,부산(20103),20130613,17.6,2,20.9,2,81%-90%,안개(Fog),부산,2013,06
11707,남해,부산(20103),20130615,18.7,2,23.0,2,1%-10%,쾌청(운량:0-2),부산,2013,06
11708,남해,부산(20103),20130616,19.4,2,20.0,2,1%-10%,쾌청(운량:0-2),부산,2013,06
11709,남해,부산(20103),20130617,15.7,2,24.5,2,51%-60%,개임(운량:3-7),부산,2013,06
11710,남해,부산(20103),20130618,18.2,2,23.7,2,81%-90%,안개(Fog),부산,2013,06
11712,남해,부산(20103),20130620,17.1,2,21.8,2,71%-80%,흐림(운량:8-10),부산,2013,06
11713,남해,부산(20103),20130621,19.3,2,20.5,2,71%-80%,흐림(운량:8-10),부산,2013,06
11714,남해,부산(20103),20130622,17.6,2,20.0,2,71%-80%,흐림(운량:8-10),부산,2013,06
11715,남해,부산(20103),20130623,18.7,2,21.0,2,81%-90%,비,부산,2013,06
11716,남해,부산(20103),20130624,16.4,2,23.0,2,21%-30%,개임(운량:3-7),부산,2013,06
11717,남해,부산(20103),20130625,17.0,2,23.1,2,71%-80%,흐림(운량:8-10),부산,2013,06
11718,남해,부산(20103),20130626,17.8,2,22.9,2,61%-70%,흐림(운량:8-10),부산,2013,06
11719,남해,부산(20103),20130627,18.6,2,22.0,2,21%-30%,개임(운량:3-7),부산,2013,06
11720,남해,부산(20103),20130628,19.2,2,22.0,2,31%-40%,개임(운량:3-7),부산,2013,06
11721,남해,부산(20103),20130629,16.6,2,21.8,2,1%-10%,쾌청(운량:0-2),부산,2013,06
11722,남해,부산(20103),20130630,18.0,2,22.0,2,1%-10%,쾌청(운량:0-2),부산,2013,06
11723,남해,부산(20103),20130701,18.8,2,24.8,2,11%-20%,쾌청(운량:0-2),부산,2013,07
11724,남해,부산(20103),20130702,19.5,2,24.8,2,71%-80%,흐림(운량:8-10),부산,2013,07
11730,남해,부산(20103),20130708,17.6,2,25.0,2,61%-70%,개임(운량:3-7),부산,2013,07
11731,남해,부산(20103),20130709,16.2,2,23.0,2,31%-40%,개임(운량:3-7),부산,2013,07
11732,남해,부산(20103),20130710,15.5,2,23.1,2,1%-10%,쾌청(운량:0-2),부산,2013,07
11733,남해,부산(20103),20130711,14.8,2,22.2,2,1%-10%,쾌청(운량:0-2),부산,2013,07
11734,남해,부산(20103),20130712,14.0,2,25.2,2,51%-60%,개임(운량:3-7),부산,2013,07
11735,남해,부산(20103),20130713,14.8,2,25.2,2,81%-90%,안개(Fog),부산,2013,07
11738,남해,부산(20103),20130716,15.5,2,26.1,2,31%-40%,개임(운량:3-7),부산,2013,07
11739,남해,부산(20103),20130717,16.6,2,25.2,2,31%-40%,개임(운량:3-7),부산,2013,07
11740,남해,부산(20103),20130718,16.5,2,26.8,2,31%-40%,개임(운량:3-7),부산,2013,07
11741,남해,부산(20103),20130719,17.8,2,24.9,2,11%-20%,개임(운량:3-7),부산,2013,07
11742,남해,부산(20103),20130720,19.0,2,28.8,2,51%-60%,개임(운량:3-7),부산,2013,07
11743,남해,부산(20103),20130721,20.8,2,26.0,2,1%-10%,쾌청(운량:0-2),부산,2013,07
11744,남해,부산(20103),20130722,20.0,2,25.8,2,51%-60%,개임(운량:3-7),부산,2013,07
11745,남해,부산(20103),20130723,18.9,2,25.0,2,61%-70%,개임(운량:3-7),부산,2013,07
11747,남해,부산(20103),20130725,14.0,2,24.0,2,81%-90%,안개(Fog),부산,2013,07
11748,남해,부산(20103),20130726,14.5,2,28.8,2,51%-60%,개임(운량:3-7),부산,2013,07
11749,남해,부산(20103),20130727,15.9,2,27.8,2,51%-60%,개임(운량:3-7),부산,2013,07
11750,남해,부산(20103),20130728,15.1,2,25.9,2,71%-80%,흐림(운량:8-10),부산,2013,07
11751,남해,부산(20103),20130729,14.6,2,24.3,2,71%-80%,흐림(운량:8-10),부산,2013,07
11752,남해,부산(20103),20130730,14.2,2,24.6,2,81%-90%,안개(Fog),부산,2013,07
11753,남해,부산(20103),20130731,15.5,2,26.8,2,71%-80%,흐림(운량:8-10),부산,2013,07
11754,남해,부산(20103),20130801,16.5,2,24.6,2,71%-80%,안개(Fog),부산,2013,08
11755,남해,부산(20103),20130802,19.2,2,26.5,2,71%-80%,흐림(운량:8-10),부산,2013,08
11756,남해,부산(20103),20130803,20.5,2,27.8,2,61%-70%,개임(운량:3-7),부산,2013,08
11757,남해,부산(20103),20130804,19.3,2,27.2,2,51%-60%,개임(운량:3-7),부산,2013,08
11758,남해,부산(20103),20130805,18.5,2,26.8,2,1%-10%,쾌청(운량:0-2),부산,2013,08
11759,남해,부산(20103),20130806,16.0,2,27.3,2,1%-10%,쾌청(운량:0-2),부산,2013,08
11760,남해,부산(20103),20130807,17.0,2,27.9,2,81%-90%,안개(Fog),부산,2013,08
11761,남해,부산(20103),20130808,16.3,2,27.8,2,41%-50%,개임(운량:3-7),부산,2013,08
11762,남해,부산(20103),20130809,16.3,2,25.9,2,81%-90%,안개(Fog),부산,2013,08
11763,남해,부산(20103),20130810,16.2,2,25.2,2,81%-90%,안개(Fog),부산,2013,08
11764,남해,부산(20103),20130811,15.4,2,27.0,2,1%-10%,쾌청(운량:0-2),부산,2013,08
11765,남해,부산(20103),20130812,14.4,2,27.2,2,1%-10%,쾌청(운량:0-2),부산,2013,08
11766,남해,부산(20103),20130813,17.8,2,28.9,2,1%-10%,쾌청(운량:0-2),부산,2013,08
11767,남해,부산(20103),20130814,15.9,2,28.3,2,1%-10%,쾌청(운량:0-2),부산,2013,08
11768,남해,부산(20103),20130815,17.0,2,29.0,2,1%-10%,쾌청(운량:0-2),부산,2013,08
11769,남해,부산(20103),20130816,16.3,2,28.0,2,1%-10%,쾌청(운량:0-2),부산,2013,08
11770,남해,부산(20103),20130817,19.1,2,29.5,2,1%-10%,쾌청(운량:0-2),부산,2013,08
11771,남해,부산(20103),20130818,17.0,2,28.6,2,1%-10%,쾌청(운량:0-2),부산,2013,08
11772,남해,부산(20103),20130819,20.9,2,28.2,2,1%-10%,쾌청(운량:0-2),부산,2013,08
11773,남해,부산(20103),20130820,25.9,2,29.8,2,1%-10%,쾌청(운량:0-2),부산,2013,08
11774,남해,부산(20103),20130821,27.1,2,28.8,2,21%-30%,개임(운량:3-7),부산,2013,08
11775,남해,부산(20103),20130822,25.3,2,28.9,2,81%-90%,비,부산,2013,08
11777,남해,부산(20103),20130824,21.8,2,27.0,2,71%-80%,흐림(운량:8-10),부산,2013,08
11778,남해,부산(20103),20130825,18.1,2,25.8,2,61%-70%,개임(운량:3-7),부산,2013,08
11779,남해,부산(20103),20130826,22.9,2,27.8,2,21%-30%,개임(운량:3-7),부산,2013,08
11780,남해,부산(20103),20130827,17.9,2,28.9,2,11%-20%,쾌청(운량:0-2),부산,2013,08
11781,남해,부산(20103),20130828,21.3,2,27.4,2,11%-20%,개임(운량:3-7),부산,2013,08
11782,남해,부산(20103),20130829,22.9,2,28.8,2,51%-60%,개임(운량:3-7),부산,2013,08
11783,남해,부산(20103),20130830,20.3,2,26.7,2,61%-70%,개임(운량:3-7),부산,2013,08
11785,남해,부산(20103),20130901,23.8,2,24.0,2,61%-70%,개임(운량:3-7),부산,2013,09
11786,남해,부산(20103),20130902,25.5,2,25.0,2,1%-10%,쾌청(운량:0-2),부산,2013,09
11787,남해,부산(20103),20130903,25.3,2,25.5,2,71%-80%,흐림(운량:8-10),부산,2013,09
11788,남해,부산(20103),20130904,25.6,2,23.7,2,21%-30%,개임(운량:3-7),부산,2013,09
11789,남해,부산(20103),20130905,25.8,2,23.7,2,21%-30%,쾌청(운량:0-2),부산,2013,09
11790,남해,부산(20103),20130906,25.0,2,23.0,2,71%-80%,흐림(운량:8-10),부산,2013,09
11792,남해,부산(20103),20130908,24.1,2,23.1,2,31%-40%,개임(운량:3-7),부산,2013,09
11793,남해,부산(20103),20130909,22.8,2,24.5,2,11%-20%,쾌청(운량:0-2),부산,2013,09
11794,남해,부산(20103),20130910,21.4,2,25.9,2,1%-10%,쾌청(운량:0-2),부산,2013,09
11795,남해,부산(20103),20130911,21.2,2,27.2,2,61%-70%,개임(운량:3-7),부산,2013,09
11796,남해,부산(20103),20130912,20.9,2,27.1,2,71%-80%,흐림(운량:8-10),부산,2013,09
11797,남해,부산(20103),20130913,22.0,2,26.7,2,51%-60%,개임(운량:3-7),부산,2013,09
11798,남해,부산(20103),20130914,22.4,2,26.9,2,71%-80%,흐림(운량:8-10),부산,2013,09
11799,남해,부산(20103),20130915,22.6,2,27.4,2,1%-10%,쾌청(운량:0-2),부산,2013,09
11800,남해,부산(20103),20130916,23.5,2,24.2,2,1%-10%,쾌청(운량:0-2),부산,2013,09
11801,남해,부산(20103),20130917,24.7,2,25.1,2,1%-10%,쾌청(운량:0-2),부산,2013,09
11802,남해,부산(20103),20130918,24.8,2,26.0,2,1%-10%,쾌청(운량:0-2),부산,2013,09
11803,남해,부산(20103),20130919,24.2,2,25.3,2,11%-20%,개임(운량:3-7),부산,2013,09
11804,남해,부산(20103),20130920,24.6,2,26.0,2,1%-10%,쾌청(운량:0-2),부산,2013,09
11805,남해,부산(20103),20130921,22.0,2,28.0,2,1%-10%,쾌청(운량:0-2),부산,2013,09
11806,남해,부산(20103),20130922,20.8,2,25.8,2,21%-30%,개임(운량:3-7),부산,2013,09
11807,남해,부산(20103),20130923,23.6,2,25.0,2,11%-20%,쾌청(운량:0-2),부산,2013,09
11808,남해,부산(20103),20130924,23.3,2,26.8,2,1%-10%,쾌청(운량:0-2),부산,2013,09
11809,남해,부산(20103),20130925,22.6,2,25.0,2,71%-80%,흐림(운량:8-10),부산,2013,09
11810,남해,부산(20103),20130926,22.2,2,21.0,2,1%-10%,쾌청(운량:0-2),부산,2013,09
11811,남해,부산(20103),20130927,23.0,2,22.8,2,1%-10%,쾌청(운량:0-2),부산,2013,09
11812,남해,부산(20103),20130928,23.1,2,23.0,2,61%-70%,개임(운량:3-7),부산,2013,09
11813,남해,부산(20103),20130929,22.9,2,24.0,2,71%-80%,흐림(운량:8-10),부산,2013,09
11814,남해,부산(20103),20130930,22.8,2,24.5,2,71%-80%,흐림(운량:8-10),부산,2013,09
11815,남해,부산(20103),20131001,23.1,2,24.0,2,1%-10%,쾌청(운량:0-2),부산,2013,10
11816,남해,부산(20103),20131002,23.3,2,24.0,2,71%-80%,흐림(운량:8-10),부산,2013,10
11817,남해,부산(20103),20131003,23.6,2,22.3,2,1%-10%,쾌청(운량:0-2),부산,2013,10
11818,남해,부산(20103),20131004,22.6,2,21.5,2,1%-10%,쾌청(운량:0-2),부산,2013,10
11819,남해,부산(20103),20131005,22.2,2,23.2,2,51%-60%,개임(운량:3-7),부산,2013,10
11821,남해,부산(20103),20131007,22.6,2,25.2,2,21%-30%,개임(운량:3-7),부산,2013,10
11824,남해,부산(20103),20131010,22.7,2,23.0,2,71%-80%,흐림(운량:8-10),부산,2013,10
11825,남해,부산(20103),20131011,22.5,2,23.5,2,1%-10%,쾌청(운량:0-2),부산,2013,10
11826,남해,부산(20103),20131012,22.0,2,19.8,2,1%-10%,쾌청(운량:0-2),부산,2013,10
11827,남해,부산(20103),20131013,21.5,2,21.6,2,1%-10%,쾌청(운량:0-2),부산,2013,10
11828,남해,부산(20103),20131014,21.4,2,22.3,2,1%-10%,쾌청(운량:0-2),부산,2013,10
11829,남해,부산(20103),20131015,21.7,2,23.0,2,1%-10%,쾌청(운량:0-2),부산,2013,10
11831,남해,부산(20103),20131017,21.4,2,18.0,2,11%-20%,쾌청(운량:0-2),부산,2013,10
11832,남해,부산(20103),20131018,21.0,2,18.8,2,21%-30%,개임(운량:3-7),부산,2013,10
11833,남해,부산(20103),20131019,20.5,2,20.0,2,51%-60%,개임(운량:3-7),부산,2013,10
11834,남해,부산(20103),20131020,20.9,2,20.0,2,1%-10%,쾌청(운량:0-2),부산,2013,10
11835,남해,부산(20103),20131021,21.1,2,18.0,2,1%-10%,쾌청(운량:0-2),부산,2013,10
11836,남해,부산(20103),20131022,20.8,2,19.0,2,51%-60%,개임(운량:3-7),부산,2013,10
11837,남해,부산(20103),20131023,20.9,2,19.0,2,1%-10%,쾌청(운량:0-2),부산,2013,10
11838,남해,부산(20103),20131024,20.8,2,18.7,2,81%-90%,비,부산,2013,10
11839,남해,부산(20103),20131025,21.0,2,18.1,2,51%-60%,흐림(운량:8-10),부산,2013,10
11840,남해,부산(20103),20131026,21.0,2,15.6,2,1%-10%,쾌청(운량:0-2),부산,2013,10
11841,남해,부산(20103),20131027,20.2,2,16.3,2,1%-10%,쾌청(운량:0-2),부산,2013,10
11842,남해,부산(20103),20131028,20.5,2,17.0,2,11%-20%,쾌청(운량:0-2),부산,2013,10
11843,남해,부산(20103),20131029,20.4,2,17.1,2,1%-10%,쾌청(운량:0-2),부산,2013,10
11844,남해,부산(20103),20131030,20.6,2,17.6,2,1%-10%,쾌청(운량:0-2),부산,2013,10
11845,남해,부산(20103),20131031,19.9,2,18.3,2,61%-70%,개임(운량:3-7),부산,2013,10
11846,남해,부산(20103),20131101,19.9,2,19.2,2,51%-60%,개임(운량:3-7),부산,2013,11
11847,남해,부산(20103),20131102,20.4,2,20.5,2,1%-10%,쾌청(운량:0-2),부산,2013,11
11848,남해,부산(20103),20131103,20.5,2,19.4,2,81%-90%,비,부산,2013,11
11849,남해,부산(20103),20131104,19.4,2,17.0,2,1%-10%,쾌청(운량:0-2),부산,2013,11
11850,남해,부산(20103),20131105,19.1,2,18.2,2,1%-10%,쾌청(운량:0-2),부산,2013,11
11851,남해,부산(20103),20131106,18.1,2,18.2,2,21%-30%,개임(운량:3-7),부산,2013,11
11852,남해,부산(20103),20131107,17.9,2,18.2,2,11%-20%,개임(운량:3-7),부산,2013,11
11853,남해,부산(20103),20131108,17.0,2,15.2,2,11%-20%,쾌청(운량:0-2),부산,2013,11
11854,남해,부산(20103),20131109,18.5,2,17.8,2,51%-60%,개임(운량:3-7),부산,2013,11
11855,남해,부산(20103),20131110,17.5,2,16.0,2,61%-70%,개임(운량:3-7),부산,2013,11
11856,남해,부산(20103),20131111,17.2,2,7.0,2,21%-30%,개임(운량:3-7),부산,2013,11
11857,남해,부산(20103),20131112,17.1,2,9.0,2,1%-10%,쾌청(운량:0-2),부산,2013,11
11858,남해,부산(20103),20131113,17.2,2,11.1,2,1%-10%,쾌청(운량:0-2),부산,2013,11
11859,남해,부산(20103),20131114,18.0,2,14.0,2,51%-60%,개임(운량:3-7),부산,2013,11
11860,남해,부산(20103),20131115,17.4,2,12.1,2,1%-10%,쾌청(운량:0-2),부산,2013,11
11861,남해,부산(20103),20131116,17.4,2,13.2,2,1%-10%,쾌청(운량:0-2),부산,2013,11
11862,남해,부산(20103),20131117,16.3,2,12.0,2,1%-10%,쾌청(운량:0-2),부산,2013,11
11863,남해,부산(20103),20131118,15.8,2,8.0,2,1%-10%,쾌청(운량:0-2),부산,2013,11
11866,남해,부산(20103),20131121,14.8,2,6.9,2,1%-10%,쾌청(운량:0-2),부산,2013,11
11867,남해,부산(20103),20131122,15.1,2,6.0,2,1%-10%,쾌청(운량:0-2),부산,2013,11
11868,남해,부산(20103),20131123,16.1,2,9.0,2,1%-10%,쾌청(운량:0-2),부산,2013,11
11869,남해,부산(20103),20131124,16.3,2,13.2,2,11%-20%,쾌청(운량:0-2),부산,2013,11
11871,남해,부산(20103),20131126,14.3,2,6.7,2,1%-10%,쾌청(운량:0-2),부산,2013,11
11872,남해,부산(20103),20131127,15.0,2,12.7,2,11%-20%,개임(운량:3-7),부산,2013,11
11873,남해,부산(20103),20131128,14.5,2,3.0,2,1%-10%,쾌청(운량:0-2),부산,2013,11
11874,남해,부산(20103),20131129,14.5,2,3.0,2,1%-10%,쾌청(운량:0-2),부산,2013,11
11875,남해,부산(20103),20131130,14.6,2,7.8,2,1%-10%,쾌청(운량:0-2),부산,2013,11
11876,남해,부산(20103),20131201,14.0,2,11.2,2,11%-20%,개임(운량:3-7),부산,2013,12
11877,남해,부산(20103),20131202,14.0,2,7.9,2,1%-10%,쾌청(운량:0-2),부산,2013,12
11878,남해,부산(20103),20131203,14.8,2,8.0,2,1%-10%,쾌청(운량:0-2),부산,2013,12
11879,남해,부산(20103),20131204,14.5,2,9.0,2,1%-10%,쾌청(운량:0-2),부산,2013,12
11880,남해,부산(20103),20131205,14.1,2,11.8,2,1%-10%,쾌청(운량:0-2),부산,2013,12
11881,남해,부산(20103),20131206,14.1,2,10.6,2,61%-70%,개임(운량:3-7),부산,2013,12
11882,남해,부산(20103),20131207,14.0,2,8.5,2,1%-10%,쾌청(운량:0-2),부산,2013,12
11883,남해,부산(20103),20131208,14.5,2,11.5,2,1%-10%,쾌청(운량:0-2),부산,2013,12
11884,남해,부산(20103),20131209,14.7,2,13.0,2,61%-70%,개임(운량:3-7),부산,2013,12
11885,남해,부산(20103),20131210,14.0,2,5.0,2,1%-10%,쾌청(운량:0-2),부산,2013,12
11886,남해,부산(20103),20131211,14.0,2,5.0,2,1%-10%,쾌청(운량:0-2),부산,2013,12
11887,남해,부산(20103),20131212,13.8,2,4.0,2,Zero,쾌청(운량:0-2),부산,2013,12
11888,남해,부산(20103),20131213,13.2,2,4.2,2,1%-10%,쾌청(운량:0-2),부산,2013,12
11889,남해,부산(20103),20131214,12.9,2,3.2,2,11%-20%,쾌청(운량:0-2),부산,2013,12
11890,남해,부산(20103),20131215,13.2,2,3.4,2,11%-20%,쾌청(운량:0-2),부산,2013,12
11891,남해,부산(20103),20131216,13.0,2,6.6,2,71%-80%,개임(운량:3-7),부산,2013,12
11894,남해,부산(20103),20131219,15.3,2,4.0,2,1%-10%,쾌청(운량:0-2),부산,2013,12
11895,남해,부산(20103),20131220,14.3,2,2.0,2,1%-10%,개임(운량:3-7),부산,2013,12
11896,남해,부산(20103),20131221,14.2,2,4.2,2,1%-10%,쾌청(운량:0-2),부산,2013,12
11897,남해,부산(20103),20131222,14.2,2,3.3,2,1%-10%,쾌청(운량:0-2),부산,2013,12
11898,남해,부산(20103),20131223,14.2,2,4.0,2,1%-10%,쾌청(운량:0-2),부산,2013,12
11899,남해,부산(20103),20131224,14.2,2,4.0,2,41%-50%,개임(운량:3-7),부산,2013,12
11900,남해,부산(20103),20131225,13.9,2,7.9,2,1%-10%,쾌청(운량:0-2),부산,2013,12
11901,남해,부산(20103),20131226,14.5,2,6.2,2,71%-80%,흐림(운량:8-10),부산,2013,12
11902,남해,부산(20103),20131227,14.0,2,1.3,2,11%-20%,쾌청(운량:0-2),부산,2013,12
11903,남해,부산(20103),20131228,13.6,2,-2.0,2,1%-10%,쾌청(운량:0-2),부산,2013,12
11904,남해,부산(20103),20131229,13.5,2,0.0,2,1%-10%,쾌청(운량:0-2),부산,2013,12
11905,남해,부산(20103),20131230,13.5,2,5.0,2,1%-10%,쾌청(운량:0-2),부산,2013,12
11906,남해,부산(20103),20131231,13.0,2,6.2,2,11%-20%,쾌청(운량:0-2),부산,2013,12
11908,남해,부산(20103),20140102,13.0,1,8.6,1,1%-10%,쾌청(운량:0-2),부산,2014,01
11909,남해,부산(20103),20140103,13.2,1,9.0,1,61%-70%,개임(운량:3-7),부산,2014,01
11910,남해,부산(20103),20140104,13.2,1,7.0,1,1%-10%,쾌청(운량:0-2),부산,2014,01
11911,남해,부산(20103),20140105,13.5,1,6.0,1,1%-10%,쾌청(운량:0-2),부산,2014,01
11912,남해,부산(20103),20140106,13.5,1,5.4,1,1%-10%,쾌청(운량:0-2),부산,2014,01
11913,남해,부산(20103),20140107,13.5,1,8.0,1,1%-10%,쾌청(운량:0-2),부산,2014,01
11914,남해,부산(20103),20140108,13.6,1,6.0,1,81%-90%,비,부산,2014,01
11915,남해,부산(20103),20140109,13.1,1,-2.0,1,1%-10%,쾌청(운량:0-2),부산,2014,01
11916,남해,부산(20103),20140110,12.8,1,-2.0,1,1%-10%,쾌청(운량:0-2),부산,2014,01
11917,남해,부산(20103),20140111,13.0,1,2.3,1,1%-10%,쾌청(운량:0-2),부산,2014,01
11918,남해,부산(20103),20140112,12.9,1,4.0,1,41%-50%,개임(운량:3-7),부산,2014,01
11919,남해,부산(20103),20140113,12.3,1,2.0,1,11%-20%,쾌청(운량:0-2),부산,2014,01
11920,남해,부산(20103),20140114,12.2,1,0.0,1,11%-20%,쾌청(운량:0-2),부산,2014,01
11921,남해,부산(20103),20140115,13.0,1,1.0,1,1%-10%,쾌청(운량:0-2),부산,2014,01
11922,남해,부산(20103),20140116,11.9,1,3.0,1,1%-10%,쾌청(운량:0-2),부산,2014,01
11923,남해,부산(20103),20140117,11.7,1,3.0,1,1%-10%,쾌청(운량:0-2),부산,2014,01
11924,남해,부산(20103),20140118,11.7,1,3.0,1,11%-20%,쾌청(운량:0-2),부산,2014,01
11925,남해,부산(20103),20140119,11.7,1,7.0,1,1%-10%,쾌청(운량:0-2),부산,2014,01
11926,남해,부산(20103),20140120,11.2,1,7.0,1,71%-80%,비,부산,2014,01
11927,남해,부산(20103),20140121,12.6,1,-1.0,1,11%-20%,쾌청(운량:0-2),부산,2014,01
11928,남해,부산(20103),20140122,12.0,1,1.5,1,1%-10%,쾌청(운량:0-2),부산,2014,01
11929,남해,부산(20103),20140123,12.2,1,4.1,1,Zero,쾌청(운량:0-2),부산,2014,01
11930,남해,부산(20103),20140124,12.3,1,8.5,1,1%-10%,쾌청(운량:0-2),부산,2014,01
11932,남해,부산(20103),20140126,12.3,1,6.0,1,1%-10%,쾌청(운량:0-2),부산,2014,01
11933,남해,부산(20103),20140127,12.5,1,7.6,1,1%-10%,쾌청(운량:0-2),부산,2014,01
11934,남해,부산(20103),20140128,12.5,1,9.0,1,11%-20%,쾌청(운량:0-2),부산,2014,01
11935,남해,부산(20103),20140129,11.8,1,10.8,1,1%-10%,쾌청(운량:0-2),부산,2014,01
11936,남해,부산(20103),20140130,12.4,1,12.3,1,81%-90%,흐림(운량:8-10),부산,2014,01
11938,남해,부산(20103),20140202,13.7,1,-2.4,1,Zero,,부산,2014,02
11939,남해,부산(20103),20140203,12.9,1,-0.4,1,Zero,,부산,2014,02
11940,남해,부산(20103),20140204,13.0,1,5.1,1,Zero,,부산,2014,02
11941,남해,부산(20103),20140205,13.4,1,7.5,1,Zero,,부산,2014,02
11943,남해,부산(20103),20140207,13.0,1,0.5,1,Zero,,부산,2014,02
11944,남해,부산(20103),20140208,12.6,1,-1.0,1,Zero,,부산,2014,02
11945,남해,부산(20103),20140209,12.8,1,1.0,1,Zero,,부산,2014,02
11946,남해,부산(20103),20140210,12.8,1,2.2,1,Zero,,부산,2014,02
11947,남해,부산(20103),20140211,12.8,1,3.9,1,Zero,,부산,2014,02
11948,남해,부산(20103),20140212,12.6,1,-0.3,1,Zero,,부산,2014,02
11949,남해,부산(20103),20140213,12.5,1,6.2,1,Zero,,부산,2014,02
11950,남해,부산(20103),20140214,12.5,1,7.8,1,Zero,,부산,2014,02
11951,남해,부산(20103),20140215,12.3,1,7.8,1,Zero,,부산,2014,02
11952,남해,부산(20103),20140216,12.5,1,6.7,1,Zero,,부산,2014,02
11953,남해,부산(20103),20140217,12.5,1,1.4,1,Zero,,부산,2014,02
11954,남해,부산(20103),20140218,12.5,1,2.8,1,Zero,,부산,2014,02
11956,남해,부산(20103),20140220,11.8,1,2.8,1,Zero,,부산,2014,02
11957,남해,부산(20103),20140221,11.8,1,7.3,1,Zero,,부산,2014,02
11958,남해,부산(20103),20140222,11.8,1,6.0,1,Zero,,부산,2014,02
11959,남해,부산(20103),20140223,11.8,1,4.5,1,Zero,,부산,2014,02
11960,남해,부산(20103),20140224,12.0,1,4.2,1,Zero,,부산,2014,02
11961,남해,부산(20103),20140225,12.2,1,7.6,1,Zero,,부산,2014,02
11963,남해,부산(20103),20140227,12.3,1,5.4,1,Zero,,부산,2014,02
11964,남해,부산(20103),20140228,12.5,1,0.7,1,Zero,,부산,2014,02
11966,남해,부산(20103),20140302,12.6,1,7.0,1,Zero,,부산,2014,03
11967,남해,부산(20103),20140303,12.8,1,6.1,1,Zero,,부산,2014,03
11968,남해,부산(20103),20140304,12.5,1,8.3,1,Zero,,부산,2014,03
11969,남해,부산(20103),20140305,12.4,1,6.5,1,Zero,,부산,2014,03
11970,남해,부산(20103),20140306,12.4,1,1.4,1,Zero,,부산,2014,03
11971,남해,부산(20103),20140307,12.2,1,1.1,1,Zero,,부산,2014,03
11972,남해,부산(20103),20140308,12.1,1,1.2,1,Zero,,부산,2014,03
11973,남해,부산(20103),20140309,12.1,1,5.0,1,Zero,,부산,2014,03
11974,남해,부산(20103),20140310,11.9,1,1.4,1,Zero,,부산,2014,03
11975,남해,부산(20103),20140311,12.0,1,7.2,1,Zero,,부산,2014,03
11976,남해,부산(20103),20140312,12.0,1,11.0,1,Zero,,부산,2014,03
11978,남해,부산(20103),20140314,11.8,1,5.3,1,Zero,,부산,2014,03
11979,남해,부산(20103),20140315,11.8,1,4.9,1,Zero,,부산,2014,03
11981,남해,부산(20103),20140317,12.0,1,11.8,1,Zero,,부산,2014,03
11983,남해,부산(20103),20140319,12.2,1,9.2,1,Zero,,부산,2014,03
11985,남해,부산(20103),20140321,12.1,1,5.5,1,Zero,,부산,2014,03
11986,남해,부산(20103),20140322,12.2,1,7.9,1,Zero,,부산,2014,03
11987,남해,부산(20103),20140323,12.4,1,11.5,1,Zero,,부산,2014,03
11988,남해,부산(20103),20140324,12.5,1,11.7,1,Zero,,부산,2014,03
11989,남해,부산(20103),20140325,12.5,1,13.3,1,Zero,,부산,2014,03
11990,남해,부산(20103),20140326,12.4,1,13.6,1,Zero,,부산,2014,03
11991,남해,부산(20103),20140327,12.5,1,13.0,1,Zero,,부산,2014,03
11992,남해,부산(20103),20140328,12.6,1,12.7,1,Zero,,부산,2014,03
11995,남해,부산(20103),20140401,12.9,1,13.1,1,Zero,,부산,2014,04
11996,남해,부산(20103),20140402,12.9,1,13.6,1,Zero,,부산,2014,04
11997,남해,부산(20103),20140403,13.0,1,15.1,1,Zero,,부산,2014,04
11998,남해,부산(20103),20140404,13.1,1,6.8,1,Zero,,부산,2014,04
11999,남해,부산(20103),20140405,13.0,1,7.7,1,Zero,,부산,2014,04
12000,남해,부산(20103),20140406,12.8,1,6.5,1,Zero,,부산,2014,04
12001,남해,부산(20103),20140407,12.8,1,11.5,1,Zero,,부산,2014,04
12002,남해,부산(20103),20140408,12.9,1,13.7,1,Zero,,부산,2014,04
12003,남해,부산(20103),20140409,13.0,1,14.7,1,Zero,,부산,2014,04
12004,남해,부산(20103),20140410,13.0,1,14.0,1,Zero,,부산,2014,04
12005,남해,부산(20103),20140411,12.8,1,11.3,1,Zero,,부산,2014,04
12006,남해,부산(20103),20140412,13.0,1,12.7,1,Zero,,부산,2014,04
12007,남해,부산(20103),20140413,12.9,1,12.5,1,Zero,,부산,2014,04
12008,남해,부산(20103),20140414,13.0,1,13.9,1,Zero,,부산,2014,04
12009,남해,부산(20103),20140415,13.5,1,16.2,1,Zero,,부산,2014,04
12010,남해,부산(20103),20140416,13.5,1,18.6,1,Zero,,부산,2014,04
12011,남해,부산(20103),20140417,13.4,1,17.1,1,Zero,,부산,2014,04
12013,남해,부산(20103),20140419,13.9,1,12.0,1,Zero,,부산,2014,04
12015,남해,부산(20103),20140421,14.0,1,15.6,1,Zero,,부산,2014,04
12016,남해,부산(20103),20140422,14.0,1,16.0,1,Zero,,부산,2014,04
12017,남해,부산(20103),20140423,14.2,1,17.6,1,Zero,,부산,2014,04
12018,남해,부산(20103),20140424,14.2,1,15.0,1,Zero,,부산,2014,04
12019,남해,부산(20103),20140425,14.2,1,16.4,1,Zero,,부산,2014,04
12020,남해,부산(20103),20140426,14.0,1,16.0,1,Zero,,부산,2014,04
12021,남해,부산(20103),20140427,14.2,1,16.3,1,Zero,,부산,2014,04
12024,남해,부산(20103),20140430,14.2,1,13.4,1,Zero,,부산,2014,04
12025,남해,부산(20103),20140501,14.2,1,15.0,1,Zero,,부산,2014,05
12026,남해,부산(20103),20140502,14.0,1,18.4,1,Zero,,부산,2014,05
12027,남해,부산(20103),20140503,13.9,1,15.4,1,Zero,,부산,2014,05
12028,남해,부산(20103),20140504,13.8,1,14.1,1,Zero,,부산,2014,05
12029,남해,부산(20103),20140505,13.6,1,12.0,1,Zero,,부산,2014,05
12030,남해,부산(20103),20140506,14.0,1,13.3,1,Zero,,부산,2014,05
12031,남해,부산(20103),20140507,14.2,1,13.5,1,Zero,,부산,2014,05
12033,남해,부산(20103),20140509,15.2,1,17.5,1,Zero,,부산,2014,05
12034,남해,부산(20103),20140510,15.2,1,15.0,1,Zero,,부산,2014,05
12035,남해,부산(20103),20140511,15.2,1,15.7,1,Zero,,부산,2014,05
12037,남해,부산(20103),20140513,15.0,1,18.4,1,Zero,,부산,2014,05
12038,남해,부산(20103),20140514,14.8,1,16.3,1,Zero,,부산,2014,05
12039,남해,부산(20103),20140515,14.6,1,18.7,1,Zero,,부산,2014,05
12040,남해,부산(20103),20140516,14.6,1,19.4,1,Zero,,부산,2014,05
12041,남해,부산(20103),20140517,14.6,1,20.5,1,Zero,,부산,2014,05
12042,남해,부산(20103),20140518,14.9,1,17.3,1,Zero,,부산,2014,05
12043,남해,부산(20103),20140519,15.1,1,18.8,1,Zero,,부산,2014,05
12044,남해,부산(20103),20140520,14.9,1,18.8,1,Zero,,부산,2014,05
12045,남해,부산(20103),20140521,15.2,1,18.4,1,Zero,,부산,2014,05
12046,남해,부산(20103),20140522,14.7,1,20.1,1,Zero,,부산,2014,05
12047,남해,부산(20103),20140523,14.7,1,17.0,1,Zero,,부산,2014,05
12048,남해,부산(20103),20140524,15.0,1,18.1,1,Zero,,부산,2014,05
12049,남해,부산(20103),20140525,15.7,1,18.5,1,Zero,,부산,2014,05
12053,남해,부산(20103),20140529,15.5,1,19.7,1,Zero,,부산,2014,05
12054,남해,부산(20103),20140530,15.4,1,15.6,1,Zero,,부산,2014,05
12055,남해,부산(20103),20140601,15.4,1,21.3,1,Zero,,부산,2014,06
12056,남해,부산(20103),20140602,15.3,1,20.5,1,Zero,,부산,2014,06
12060,남해,부산(20103),20140606,17.6,1,18.9,1,Zero,,부산,2014,06
12061,남해,부산(20103),20140607,17.8,1,18.1,1,Zero,,부산,2014,06
12062,남해,부산(20103),20140608,18.0,1,18.8,1,Zero,,부산,2014,06
12063,남해,부산(20103),20140609,18.0,1,19.2,1,Zero,,부산,2014,06
12064,남해,부산(20103),20140610,18.8,1,19.3,1,Zero,,부산,2014,06
12065,남해,부산(20103),20140611,18.8,1,20.0,1,Zero,,부산,2014,06
12066,남해,부산(20103),20140612,18.9,1,20.0,1,Zero,,부산,2014,06
12067,남해,부산(20103),20140613,18.6,1,19.5,1,Zero,,부산,2014,06
12068,남해,부산(20103),20140614,18.6,1,22.3,1,Zero,,부산,2014,06
12069,남해,부산(20103),20140615,18.6,1,21.5,1,Zero,,부산,2014,06
12070,남해,부산(20103),20140616,20.0,1,25.0,1,Zero,,부산,2014,06
12071,남해,부산(20103),20140617,17.8,1,20.1,1,Zero,,부산,2014,06
12073,남해,부산(20103),20140619,16.3,1,20.0,1,Zero,,부산,2014,06
12074,남해,부산(20103),20140620,16.0,1,20.5,1,Zero,,부산,2014,06
12075,남해,부산(20103),20140621,19.2,1,19.6,1,Zero,,부산,2014,06
12076,남해,부산(20103),20140622,19.4,1,19.2,1,Zero,,부산,2014,06
12077,남해,부산(20103),20140623,19.6,1,19.6,1,Zero,,부산,2014,06
12078,남해,부산(20103),20140624,19.6,1,20.4,1,Zero,,부산,2014,06
12079,남해,부산(20103),20140625,19.2,1,19.9,1,Zero,,부산,2014,06
12080,남해,부산(20103),20140626,19.0,1,20.6,1,Zero,,부산,2014,06
12081,남해,부산(20103),20140627,18.5,1,20.8,1,Zero,,부산,2014,06
12082,남해,부산(20103),20140628,18.3,1,23.3,1,Zero,,부산,2014,06
12083,남해,부산(20103),20140629,16.8,1,22.5,1,Zero,,부산,2014,06
12084,남해,부산(20103),20140630,16.8,1,20.5,1,Zero,,부산,2014,06
12119,남해,부산(20103),20140805,22.2,1,24.4,1,Zero,흐림(운량:8-10),부산,2014,08
12120,남해,부산(20103),20140806,22.4,1,23.9,1,Zero,쾌청(운량:0-2),부산,2014,08
12121,남해,부산(20103),20140807,19.8,1,22.5,1,Zero,흐림(운량:8-10),부산,2014,08
12122,남해,부산(20103),20140808,19.8,1,22.0,1,Zero,흐림(운량:8-10),부산,2014,08
12126,남해,부산(20103),20140812,22.1,1,25.6,1,Zero,쾌청(운량:0-2),부산,2014,08
12127,남해,부산(20103),20140813,22.0,1,23.8,1,Zero,흐림(운량:8-10),부산,2014,08
12129,남해,부산(20103),20140815,21.6,1,19.5,1,Zero,비,부산,2014,08
12130,남해,부산(20103),20140816,21.6,1,22.0,1,Zero,쾌청(운량:0-2),부산,2014,08
12131,남해,부산(20103),20140817,21.5,1,22.6,1,Zero,쾌청(운량:0-2),부산,2014,08
12134,남해,부산(20103),20140820,22.4,1,23.8,1,Zero,흐림(운량:8-10),부산,2014,08
12136,남해,부산(20103),20140822,22.1,1,23.3,1,Zero,쾌청(운량:0-2),부산,2014,08
12137,남해,부산(20103),20140823,21.8,1,23.6,1,Zero,흐림(운량:8-10),부산,2014,08
12138,남해,부산(20103),20140824,20.4,1,24.4,1,Zero,비,부산,2014,08
12141,남해,부산(20103),20140827,20.6,1,21.8,1,Zero,흐림(운량:8-10),부산,2014,08
12142,남해,부산(20103),20140828,20.6,1,22.0,1,Zero,흐림(운량:8-10),부산,2014,08
12143,남해,부산(20103),20140829,20.4,1,21.8,1,Zero,흐림(운량:8-10),부산,2014,08
12144,남해,부산(20103),20140830,20.4,1,21.7,1,Zero,쾌청(운량:0-2),부산,2014,08
12145,남해,부산(20103),20140901,22.2,1,21.9,1,Zero,쾌청(운량:0-2),부산,2014,09
12146,남해,부산(20103),20140902,22.2,1,22.2,1,Zero,쾌청(운량:0-2),부산,2014,09
12148,남해,부산(20103),20140904,22.4,1,22.4,1,Zero,쾌청(운량:0-2),부산,2014,09
12149,남해,부산(20103),20140905,22.4,1,23.0,1,Zero,쾌청(운량:0-2),부산,2014,09
12150,남해,부산(20103),20140906,22.2,1,22.5,1,Zero,비,부산,2014,09
12151,남해,부산(20103),20140907,21.2,1,23.4,1,Zero,쾌청(운량:0-2),부산,2014,09
12152,남해,부산(20103),20140908,22.4,1,22.9,1,Zero,쾌청(운량:0-2),부산,2014,09
12153,남해,부산(20103),20140909,21.6,1,23.2,1,Zero,쾌청(운량:0-2),부산,2014,09
12154,남해,부산(20103),20140910,21.8,1,23.1,1,Zero,쾌청(운량:0-2),부산,2014,09
12155,남해,부산(20103),20140911,20.0,1,22.5,1,Zero,쾌청(운량:0-2),부산,2014,09
12156,남해,부산(20103),20140912,20.2,1,22.3,1,Zero,흐림(운량:8-10),부산,2014,09
12157,남해,부산(20103),20140913,20.2,1,22.1,1,Zero,쾌청(운량:0-2),부산,2014,09
12158,남해,부산(20103),20140914,22.3,1,21.7,1,Zero,쾌청(운량:0-2),부산,2014,09
12159,남해,부산(20103),20140915,22.4,1,22.1,1,Zero,흐림(운량:8-10),부산,2014,09
12160,남해,부산(20103),20140916,22.4,1,23.5,1,Zero,쾌청(운량:0-2),부산,2014,09
12161,남해,부산(20103),20140917,22.2,1,21.9,1,Zero,흐림(운량:8-10),부산,2014,09
12162,남해,부산(20103),20140918,22.0,1,20.9,1,Zero,흐림(운량:8-10),부산,2014,09
12163,남해,부산(20103),20140919,22.2,1,20.7,1,Zero,흐림(운량:8-10),부산,2014,09
12164,남해,부산(20103),20140920,22.4,1,21.3,1,Zero,쾌청(운량:0-2),부산,2014,09
12165,남해,부산(20103),20140921,22.4,1,21.5,1,Zero,쾌청(운량:0-2),부산,2014,09
12166,남해,부산(20103),20140922,22.2,1,21.7,1,Zero,쾌청(운량:0-2),부산,2014,09
12170,남해,부산(20103),20140926,22.2,1,20.6,1,Zero,쾌청(운량:0-2),부산,2014,09
12171,남해,부산(20103),20140927,22.2,1,20.8,1,Zero,쾌청(운량:0-2),부산,2014,09
12172,남해,부산(20103),20140928,22.4,1,22.4,1,Zero,쾌청(운량:0-2),부산,2014,09
12173,남해,부산(20103),20140929,22.8,1,22.3,1,Zero,흐림(운량:8-10),부산,2014,09
12174,남해,부산(20103),20140930,22.6,1,21.9,1,Zero,흐림(운량:8-10),부산,2014,09
12176,남해,부산(20103),20141002,21.6,1,19.4,1,Zero,흐림(운량:8-10),부산,2014,10
12177,남해,부산(20103),20141003,21.4,1,19.6,1,Zero,쾌청(운량:0-2),부산,2014,10
12182,남해,부산(20103),20141008,21.4,1,23.0,1,Zero,쾌청(운량:0-2),부산,2014,10
12183,남해,부산(20103),20141009,21.0,1,20.0,1,Zero,쾌청(운량:0-2),부산,2014,10
12184,남해,부산(20103),20141010,21.2,1,21.0,1,Zero,쾌청(운량:0-2),부산,2014,10
12189,남해,부산(20103),20141015,20.0,1,20.0,1,Zero,쾌청(운량:0-2),부산,2014,10
12190,남해,부산(20103),20141016,20.0,1,15.3,1,Zero,쾌청(운량:0-2),부산,2014,10
12191,남해,부산(20103),20141017,20.0,1,15.1,1,Zero,쾌청(운량:0-2),부산,2014,10
12192,남해,부산(20103),20141018,20.0,1,17.6,1,Zero,쾌청(운량:0-2),부산,2014,10
12193,남해,부산(20103),20141019,21.4,1,18.5,1,Zero,쾌청(운량:0-2),부산,2014,10
12194,남해,부산(20103),20141020,21.0,1,21.0,1,Zero,비,부산,2014,10
12195,남해,부산(20103),20141021,19.8,1,20.1,1,Zero,흐림(운량:8-10),부산,2014,10
12197,남해,부산(20103),20141023,20.0,1,14.5,1,Zero,흐림(운량:8-10),부산,2014,10
12198,남해,부산(20103),20141024,20.0,1,15.6,1,Zero,쾌청(운량:0-2),부산,2014,10
12199,남해,부산(20103),20141025,19.2,1,19.3,1,Zero,쾌청(운량:0-2),부산,2014,10
12200,남해,부산(20103),20141026,19.0,1,17.6,1,Zero,쾌청(운량:0-2),부산,2014,10
12201,남해,부산(20103),20141027,19.0,1,17.4,1,Zero,쾌청(운량:0-2),부산,2014,10
12202,남해,부산(20103),20141028,19.0,1,15.0,1,Zero,쾌청(운량:0-2),부산,2014,10
12203,남해,부산(20103),20141029,18.8,1,15.7,1,Zero,흐림(운량:8-10),부산,2014,10
12204,남해,부산(20103),20141030,19.3,1,16.5,1,Zero,흐림(운량:8-10),부산,2014,10
12205,남해,부산(20103),20141031,18.9,1,16.4,1,Zero,비,부산,2014,10
12206,남해,부산(20103),20141101,19.5,1,17.0,1,Zero,흐림(운량:8-10),부산,2014,11
12207,남해,부산(20103),20141102,19.4,1,15.9,1,Zero,흐림(운량:8-10),부산,2014,11
12208,남해,부산(20103),20141103,19.4,1,8.6,1,Zero,쾌청(운량:0-2),부산,2014,11
12209,남해,부산(20103),20141104,19.2,1,12.2,1,Zero,쾌청(운량:0-2),부산,2014,11
12210,남해,부산(20103),20141105,19.2,1,14.2,1,Zero,쾌청(운량:0-2),부산,2014,11
12211,남해,부산(20103),20141106,19.2,1,14.3,1,Zero,흐림(운량:8-10),부산,2014,11
12212,남해,부산(20103),20141107,19.2,1,14.4,1,Zero,쾌청(운량:0-2),부산,2014,11
12213,남해,부산(20103),20141108,19.2,1,16.5,1,Zero,쾌청(운량:0-2),부산,2014,11
12214,남해,부산(20103),20141109,19.2,1,15.1,1,Zero,쾌청(운량:0-2),부산,2014,11
12215,남해,부산(20103),20141110,18.9,1,14.2,1,Zero,쾌청(운량:0-2),부산,2014,11
12216,남해,부산(20103),20141111,18.8,1,14.6,1,Zero,쾌청(운량:0-2),부산,2014,11
12218,남해,부산(20103),20141113,16.0,1,3.6,1,Zero,쾌청(운량:0-2),부산,2014,11
12219,남해,부산(20103),20141114,16.2,1,6.9,1,Zero,쾌청(운량:0-2),부산,2014,11
12220,남해,부산(20103),20141115,16.4,1,8.2,1,Zero,쾌청(운량:0-2),부산,2014,11
12221,남해,부산(20103),20141116,16.5,1,10.7,1,Zero,흐림(운량:8-10),부산,2014,11
12222,남해,부산(20103),20141117,16.5,1,11.0,1,Zero,쾌청(운량:0-2),부산,2014,11
12223,남해,부산(20103),20141118,16.2,1,7.6,1,Zero,쾌청(운량:0-2),부산,2014,11
12224,남해,부산(20103),20141119,16.5,1,8.5,1,Zero,쾌청(운량:0-2),부산,2014,11
12225,남해,부산(20103),20141120,16.5,1,12.4,1,Zero,쾌청(운량:0-2),부산,2014,11
12226,남해,부산(20103),20141121,16.0,1,12.8,1,Zero,쾌청(운량:0-2),부산,2014,11
12227,남해,부산(20103),20141122,15.9,1,13.4,1,Zero,쾌청(운량:0-2),부산,2014,11
12228,남해,부산(20103),20141123,16.4,1,14.3,1,Zero,쾌청(운량:0-2),부산,2014,11
12229,남해,부산(20103),20141124,16.5,1,15.2,1,Zero,흐림(운량:8-10),부산,2014,11
12232,남해,부산(20103),20141127,16.3,1,13.7,1,Zero,쾌청(운량:0-2),부산,2014,11
12233,남해,부산(20103),20141128,16.2,1,14.4,1,Zero,흐림(운량:8-10),부산,2014,11
12234,남해,부산(20103),20141129,16.2,1,13.0,1,Zero,쾌청(운량:0-2),부산,2014,11
12235,남해,부산(20103),20141130,16.2,1,14.0,1,Zero,비,부산,2014,11
12237,남해,부산(20103),20141202,15.0,1,0.0,1,Zero,쾌청(운량:0-2),부산,2014,12
12238,남해,부산(20103),20141203,15.0,1,3.8,1,Zero,쾌청(운량:0-2),부산,2014,12
12239,남해,부산(20103),20141204,15.0,1,4.2,1,Zero,흐림(운량:8-10),부산,2014,12
12240,남해,부산(20103),20141205,15.0,1,-1.0,1,Zero,쾌청(운량:0-2),부산,2014,12
12241,남해,부산(20103),20141206,14.8,1,-2.0,1,Zero,쾌청(운량:0-2),부산,2014,12
12242,남해,부산(20103),20141207,14.0,1,0.0,1,Zero,흐림(운량:8-10),부산,2014,12
12244,남해,부산(20103),20141209,14.5,1,6.8,1,Zero,쾌청(운량:0-2),부산,2014,12
12245,남해,부산(20103),20141210,15.2,1,12.0,1,Zero,쾌청(운량:0-2),부산,2014,12
12246,남해,부산(20103),20141211,15.2,1,8.4,1,Zero,흐림(운량:8-10),부산,2014,12
12247,남해,부산(20103),20141212,15.0,1,1.8,1,Zero,흐림(운량:8-10),부산,2014,12
12248,남해,부산(20103),20141213,15.0,1,0.2,1,Zero,쾌청(운량:0-2),부산,2014,12
12249,남해,부산(20103),20141214,14.6,1,-0.7,1,Zero,쾌청(운량:0-2),부산,2014,12
12250,남해,부산(20103),20141215,14.2,1,4.1,1,Zero,흐림(운량:8-10),부산,2014,12
12251,남해,부산(20103),20141216,14.0,1,5.5,1,Zero,흐림(운량:8-10),부산,2014,12
12252,남해,부산(20103),20141217,13.4,1,-4.5,1,Zero,쾌청(운량:0-2),부산,2014,12
12255,남해,부산(20103),20141220,13.8,1,7.7,1,Zero,쾌청(운량:0-2),부산,2014,12
12256,남해,부산(20103),20141221,14.0,1,-0.9,1,Zero,흐림(운량:8-10),부산,2014,12
12257,남해,부산(20103),20141222,14.0,1,-0.6,1,Zero,쾌청(운량:0-2),부산,2014,12
12258,남해,부산(20103),20141223,14.2,1,3.4,1,Zero,쾌청(운량:0-2),부산,2014,12
12259,남해,부산(20103),20141224,14.2,1,6.7,1,Zero,쾌청(운량:0-2),부산,2014,12
12260,남해,부산(20103),20141225,14.0,1,1.0,1,Zero,흐림(운량:8-10),부산,2014,12
12261,남해,부산(20103),20141226,14.0,1,0.9,1,Zero,쾌청(운량:0-2),부산,2014,12
12262,남해,부산(20103),20141227,14.0,1,5.5,1,Zero,쾌청(운량:0-2),부산,2014,12
12263,남해,부산(20103),20141228,14.0,1,4.8,1,Zero,쾌청(운량:0-2),부산,2014,12
12264,남해,부산(20103),20141229,14.0,1,5.6,1,Zero,쾌청(운량:0-2),부산,2014,12
12265,남해,부산(20103),20141230,14.0,1,7.7,1,Zero,쾌청(운량:0-2),부산,2014,12
12266,남해,부산(20103),20141231,14.0,1,9.0,1,Zero,흐림(운량:8-10),부산,2014,12
12268,남해,부산(20103),20150102,13.7,1,-2.4,1,Zero,,부산,2015,01
12269,남해,부산(20103),20150103,12.9,1,-0.4,1,Zero,,부산,2015,01
12270,남해,부산(20103),20150104,13.0,1,5.1,1,Zero,,부산,2015,01
12271,남해,부산(20103),20150105,13.4,1,7.5,1,Zero,,부산,2015,01
12273,남해,부산(20103),20150107,13.0,1,0.5,1,Zero,,부산,2015,01
12274,남해,부산(20103),20150108,12.6,1,-1.0,1,Zero,,부산,2015,01
12275,남해,부산(20103),20150109,12.8,1,1.0,1,Zero,,부산,2015,01
12276,남해,부산(20103),20150110,12.8,1,2.2,1,Zero,,부산,2015,01
12277,남해,부산(20103),20150111,12.8,1,3.9,1,Zero,,부산,2015,01
12278,남해,부산(20103),20150112,12.6,1,-0.3,1,Zero,,부산,2015,01
12279,남해,부산(20103),20150113,12.5,1,6.2,1,Zero,,부산,2015,01
12280,남해,부산(20103),20150114,12.5,1,7.8,1,Zero,,부산,2015,01
12281,남해,부산(20103),20150115,12.3,1,7.8,1,Zero,,부산,2015,01
12282,남해,부산(20103),20150116,12.5,1,6.7,1,Zero,,부산,2015,01
12283,남해,부산(20103),20150117,12.5,1,1.4,1,Zero,,부산,2015,01
12284,남해,부산(20103),20150118,12.5,1,2.8,1,Zero,,부산,2015,01
12286,남해,부산(20103),20150120,11.8,1,2.8,1,Zero,,부산,2015,01
12287,남해,부산(20103),20150121,11.8,1,7.3,1,Zero,,부산,2015,01
12288,남해,부산(20103),20150122,11.8,1,6.0,1,Zero,,부산,2015,01
12289,남해,부산(20103),20150123,11.8,1,4.5,1,Zero,,부산,2015,01
12290,남해,부산(20103),20150124,12.0,1,4.2,1,Zero,,부산,2015,01
12291,남해,부산(20103),20150125,12.2,1,7.6,1,Zero,,부산,2015,01
12293,남해,부산(20103),20150127,12.3,1,5.4,1,Zero,,부산,2015,01
12294,남해,부산(20103),20150128,12.5,1,0.7,1,Zero,,부산,2015,01
12296,남해,부산(20103),20150130,12.2,1,2.7,1,Zero,,부산,2015,01
12297,남해,부산(20103),20150201,12.3,1,0.6,1,Zero,쾌청(운량:0-2),부산,2015,02
12298,남해,부산(20103),20150202,12.0,1,4.8,1,Zero,쾌청(운량:0-2),부산,2015,02
12299,남해,부산(20103),20150203,12.0,1,5.8,1,Zero,쾌청(운량:0-2),부산,2015,02
12300,남해,부산(20103),20150204,11.8,1,4.9,1,Zero,안개(Fog),부산,2015,02
12301,남해,부산(20103),20150205,11.5,1,1.8,1,Zero,흐림(운량:8-10),부산,2015,02
12302,남해,부산(20103),20150206,11.5,1,4.2,1,Zero,쾌청(운량:0-2),부산,2015,02
12303,남해,부산(20103),20150207,11.6,1,4.6,1,Zero,흐림(운량:8-10),부산,2015,02
12307,남해,부산(20103),20150211,11.2,1,5.5,1,Zero,쾌청(운량:0-2),부산,2015,02
12308,남해,부산(20103),20150212,11.2,1,4.5,1,Zero,쾌청(운량:0-2),부산,2015,02
12309,남해,부산(20103),20150213,11.0,1,-1.9,1,Zero,쾌청(운량:0-2),부산,2015,02
12310,남해,부산(20103),20150214,11.0,1,2.9,1,Zero,쾌청(운량:0-2),부산,2015,02
12311,남해,부산(20103),20150215,11.2,1,7.5,1,Zero,흐림(운량:8-10),부산,2015,02
12313,남해,부산(20103),20150217,11.5,1,5.9,1,Zero,흐림(운량:8-10),부산,2015,02
12314,남해,부산(20103),20150218,11.5,1,4.2,1,Zero,쾌청(운량:0-2),부산,2015,02
12315,남해,부산(20103),20150219,11.6,1,5.4,1,Zero,쾌청(운량:0-2),부산,2015,02
12316,남해,부산(20103),20150220,11.6,1,5.4,1,Zero,쾌청(운량:0-2),부산,2015,02
12320,남해,부산(20103),20150224,11.8,1,5.3,1,Zero,흐림(운량:8-10),부산,2015,02
12321,남해,부산(20103),20150225,11.8,1,8.6,1,Zero,흐림(운량:8-10),부산,2015,02
12322,남해,부산(20103),20150226,12.2,1,9.3,1,Zero,흐림(운량:8-10),부산,2015,02
12323,남해,부산(20103),20150227,12.2,1,-0.1,1,Zero,쾌청(운량:0-2),부산,2015,02
12325,남해,부산(20103),20150301,11.7,1,3.5,1,Zero,안개(Fog),부산,2015,03
12326,남해,부산(20103),20150302,11.8,1,2.8,1,Zero,쾌청(운량:0-2),부산,2015,03
12327,남해,부산(20103),20150303,11.6,1,7.5,1,Zero,안개(Fog),부산,2015,03
12329,남해,부산(20103),20150305,11.5,1,1.2,1,Zero,쾌청(운량:0-2),부산,2015,03
12330,남해,부산(20103),20150306,11.6,1,5.7,1,Zero,쾌청(운량:0-2),부산,2015,03
12331,남해,부산(20103),20150307,11.6,1,7.2,1,Zero,쾌청(운량:0-2),부산,2015,03
12332,남해,부산(20103),20150308,11.8,1,7.8,1,Zero,쾌청(운량:0-2),부산,2015,03
12333,남해,부산(20103),20150309,11.8,1,8.7,1,Zero,쾌청(운량:0-2),부산,2015,03
12335,남해,부산(20103),20150311,11.2,1,0.8,1,Zero,쾌청(운량:0-2),부산,2015,03
12336,남해,부산(20103),20150312,11.4,1,2.5,1,Zero,쾌청(운량:0-2),부산,2015,03
12337,남해,부산(20103),20150313,11.5,1,7.7,1,Zero,흐림(운량:8-10),부산,2015,03
12338,남해,부산(20103),20150314,12.2,1,6.9,1,Zero,쾌청(운량:0-2),부산,2015,03
12339,남해,부산(20103),20150315,12.5,1,9.8,1,Zero,쾌청(운량:0-2),부산,2015,03
12340,남해,부산(20103),20150316,11.3,1,11.2,1,Zero,쾌청(운량:0-2),부산,2015,03
12341,남해,부산(20103),20150317,11.3,1,12.0,1,Zero,흐림(운량:8-10),부산,2015,03
12344,남해,부산(20103),20150320,12.5,1,11.1,1,Zero,흐림(운량:8-10),부산,2015,03
12345,남해,부산(20103),20150321,12.6,1,14.5,1,Zero,쾌청(운량:0-2),부산,2015,03
12346,남해,부산(20103),20150322,12.7,1,12.9,1,Zero,쾌청(운량:0-2),부산,2015,03
12347,남해,부산(20103),20150323,12.5,1,7.5,1,Zero,쾌청(운량:0-2),부산,2015,03
12348,남해,부산(20103),20150324,12.5,1,7.0,1,Zero,쾌청(운량:0-2),부산,2015,03
12349,남해,부산(20103),20150325,12.3,1,8.4,1,Zero,쾌청(운량:0-2),부산,2015,03
12350,남해,부산(20103),20150326,12.6,1,10.4,1,Zero,쾌청(운량:0-2),부산,2015,03
12351,남해,부산(20103),20150327,12.6,1,12.9,1,Zero,쾌청(운량:0-2),부산,2015,03
12352,남해,부산(20103),20150328,12.7,1,12.0,1,Zero,쾌청(운량:0-2),부산,2015,03
12353,남해,부산(20103),20150329,12.7,1,13.8,1,Zero,쾌청(운량:0-2),부산,2015,03
12354,남해,부산(20103),20150330,12.7,1,14.0,1,Zero,쾌청(운량:0-2),부산,2015,03
12359,남해,부산(20103),20150405,12.8,1,9.3,1,Zero,흐림(운량:8-10),부산,2015,04
12360,남해,부산(20103),20150406,12.8,1,11.1,1,Zero,비,부산,2015,04
12363,남해,부산(20103),20150409,12.8,1,9.0,1,Zero,흐림(운량:8-10),부산,2015,04
12364,남해,부산(20103),20150410,12.8,1,10.7,1,Zero,흐림(운량:8-10),부산,2015,04
12365,남해,부산(20103),20150411,12.8,1,11.0,1,Zero,쾌청(운량:0-2),부산,2015,04
12366,남해,부산(20103),20150412,12.8,1,11.7,1,Zero,흐림(운량:8-10),부산,2015,04
12369,남해,부산(20103),20150415,13.3,1,9.4,1,Zero,쾌청(운량:0-2),부산,2015,04
12372,남해,부산(20103),20150418,12.5,1,12.8,1,Zero,흐림(운량:8-10),부산,2015,04
12375,남해,부산(20103),20150421,13.0,1,12.8,1,Zero,쾌청(운량:0-2),부산,2015,04
12376,남해,부산(20103),20150422,13.0,1,13.3,1,Zero,쾌청(운량:0-2),부산,2015,04
12377,남해,부산(20103),20150423,13.2,1,15.0,1,Zero,쾌청(운량:0-2),부산,2015,04
12378,남해,부산(20103),20150424,13.2,1,15.0,1,Zero,쾌청(운량:0-2),부산,2015,04
12379,남해,부산(20103),20150425,13.3,1,15.5,1,Zero,쾌청(운량:0-2),부산,2015,04
12380,남해,부산(20103),20150426,13.0,1,16.4,1,Zero,쾌청(운량:0-2),부산,2015,04
12381,남해,부산(20103),20150427,13.5,1,16.3,1,Zero,쾌청(운량:0-2),부산,2015,04
12382,남해,부산(20103),20150428,13.4,1,15.0,1,Zero,흐림(운량:8-10),부산,2015,04
12383,남해,부산(20103),20150429,13.4,1,15.4,1,Zero,흐림(운량:8-10),부산,2015,04
12384,남해,부산(20103),20150430,13.5,1,13.9,1,Zero,흐림(운량:8-10),부산,2015,04
12385,남해,부산(20103),20150501,13.7,1,18.0,1,Zero,쾌청(운량:0-2),부산,2015,05
12386,남해,부산(20103),20150502,13.7,1,18.6,1,Zero,쾌청(운량:0-2),부산,2015,05
12389,남해,부산(20103),20150505,13.5,1,15.6,1,Zero,쾌청(운량:0-2),부산,2015,05
12390,남해,부산(20103),20150506,13.5,1,14.5,1,Zero,쾌청(운량:0-2),부산,2015,05
12391,남해,부산(20103),20150507,13.5,1,17.2,1,Zero,쾌청(운량:0-2),부산,2015,05
12392,남해,부산(20103),20150508,13.6,1,17.0,1,Zero,쾌청(운량:0-2),부산,2015,05
12393,남해,부산(20103),20150509,13.7,1,17.2,1,Zero,흐림(운량:8-10),부산,2015,05
12395,남해,부산(20103),20150511,13.7,1,14.9,1,Zero,흐림(운량:8-10),부산,2015,05
12398,남해,부산(20103),20150514,13.7,1,17.4,1,Zero,흐림(운량:8-10),부산,2015,05
12399,남해,부산(20103),20150515,14.2,1,15.6,1,Zero,흐림(운량:8-10),부산,2015,05
12400,남해,부산(20103),20150516,14.1,1,13.3,1,Zero,흐림(운량:8-10),부산,2015,05
12401,남해,부산(20103),20150517,14.1,1,17.8,1,Zero,쾌청(운량:0-2),부산,2015,05
12402,남해,부산(20103),20150518,14.1,1,17.5,1,Zero,흐림(운량:8-10),부산,2015,05
12403,남해,부산(20103),20150519,14.5,1,18.0,1,Zero,쾌청(운량:0-2),부산,2015,05
12404,남해,부산(20103),20150520,14.6,1,19.5,1,Zero,쾌청(운량:0-2),부산,2015,05
12405,남해,부산(20103),20150521,14.7,1,17.8,1,Zero,쾌청(운량:0-2),부산,2015,05
12406,남해,부산(20103),20150522,14.8,1,21.4,1,Zero,쾌청(운량:0-2),부산,2015,05
12407,남해,부산(20103),20150523,14.9,1,19.8,1,Zero,흐림(운량:8-10),부산,2015,05
12408,남해,부산(20103),20150524,15.4,1,17.0,1,Zero,쾌청(운량:0-2),부산,2015,05
12409,남해,부산(20103),20150525,15.5,1,16.7,1,Zero,쾌청(운량:0-2),부산,2015,05
12410,남해,부산(20103),20150526,15.3,1,24.6,1,Zero,쾌청(운량:0-2),부산,2015,05
12411,남해,부산(20103),20150527,15.4,1,18.4,1,Zero,쾌청(운량:0-2),부산,2015,05
12412,남해,부산(20103),20150528,16.6,1,17.8,1,Zero,흐림(운량:8-10),부산,2015,05
12413,남해,부산(20103),20150529,16.7,1,18.8,1,Zero,쾌청(운량:0-2),부산,2015,05
12414,남해,부산(20103),20150530,17.0,1,18.9,1,Zero,비,부산,2015,05
12415,남해,부산(20103),20150601,16.9,1,19.5,1,Zero,안개(Fog),부산,2015,06
12416,남해,부산(20103),20150602,16.3,1,18.5,1,Zero,흐림(운량:8-10),부산,2015,06
12417,남해,부산(20103),20150603,16.4,1,23.0,1,Zero,쾌청(운량:0-2),부산,2015,06
12418,남해,부산(20103),20150604,15.6,1,20.9,1,Zero,쾌청(운량:0-2),부산,2015,06
12419,남해,부산(20103),20150605,15.7,1,15.8,1,Zero,비,부산,2015,06
12420,남해,부산(20103),20150606,16.0,1,16.6,1,Zero,쾌청(운량:0-2),부산,2015,06
12421,남해,부산(20103),20150607,16.3,1,17.3,1,Zero,흐림(운량:8-10),부산,2015,06
12422,남해,부산(20103),20150608,16.2,1,19.0,1,Zero,흐림(운량:8-10),부산,2015,06
12423,남해,부산(20103),20150609,16.0,1,18.6,1,Zero,흐림(운량:8-10),부산,2015,06
12424,남해,부산(20103),20150610,15.5,1,20.9,1,Zero,쾌청(운량:0-2),부산,2015,06
12425,남해,부산(20103),20150611,17.1,1,19.5,1,Zero,흐림(운량:8-10),부산,2015,06
12426,남해,부산(20103),20150612,15.9,1,19.3,1,Zero,쾌청(운량:0-2),부산,2015,06
12427,남해,부산(20103),20150613,15.3,1,16.3,1,Zero,흐림(운량:8-10),부산,2015,06
12428,남해,부산(20103),20150614,15.5,1,18.8,1,Zero,흐림(운량:8-10),부산,2015,06
12429,남해,부산(20103),20150615,15.8,1,19.4,1,Zero,비,부산,2015,06
12430,남해,부산(20103),20150616,16.4,1,18.9,1,Zero,흐림(운량:8-10),부산,2015,06
12431,남해,부산(20103),20150617,17.8,1,18.7,1,Zero,흐림(운량:8-10),부산,2015,06
12432,남해,부산(20103),20150618,18.0,1,20.8,1,Zero,흐림(운량:8-10),부산,2015,06
12433,남해,부산(20103),20150619,18.4,1,20.2,1,Zero,흐림(운량:8-10),부산,2015,06
12434,남해,부산(20103),20150620,18.5,1,17.9,1,Zero,흐림(운량:8-10),부산,2015,06
12435,남해,부산(20103),20150621,17.4,1,18.2,1,Zero,흐림(운량:8-10),부산,2015,06
12436,남해,부산(20103),20150622,17.2,1,19.0,1,Zero,흐림(운량:8-10),부산,2015,06
12437,남해,부산(20103),20150623,16.5,1,20.2,1,Zero,쾌청(운량:0-2),부산,2015,06
12438,남해,부산(20103),20150624,17.2,1,20.3,1,Zero,쾌청(운량:0-2),부산,2015,06
12443,남해,부산(20103),20150629,20.2,1,19.3,1,Zero,쾌청(운량:0-2),부산,2015,06
12444,남해,부산(20103),20150630,19.6,1,20.1,1,Zero,흐림(운량:8-10),부산,2015,06
12445,남해,부산(20103),20150701,19.2,1,20.4,1,Zero,흐림(운량:8-10),부산,2015,07
12447,남해,부산(20103),20150703,19.1,1,21.6,1,Zero,쾌청(운량:0-2),부산,2015,07
12448,남해,부산(20103),20150704,19.5,1,19.5,1,Zero,흐림(운량:8-10),부산,2015,07
12449,남해,부산(20103),20150705,18.6,1,19.5,1,Zero,흐림(운량:8-10),부산,2015,07
12450,남해,부산(20103),20150706,18.2,1,19.2,1,Zero,흐림(운량:8-10),부산,2015,07
12451,남해,부산(20103),20150707,18.2,1,18.9,1,Zero,비,부산,2015,07
12453,남해,부산(20103),20150709,19.8,1,21.5,1,Zero,흐림(운량:8-10),부산,2015,07
12454,남해,부산(20103),20150710,20.4,1,20.4,1,Zero,흐림(운량:8-10),부산,2015,07
12455,남해,부산(20103),20150711,20.2,1,19.9,1,Zero,흐림(운량:8-10),부산,2015,07
12459,남해,부산(20103),20150715,19.0,1,24.1,1,Zero,흐림(운량:8-10),부산,2015,07
12463,남해,부산(20103),20150719,20.4,1,20.8,1,Zero,흐림(운량:8-10),부산,2015,07
12464,남해,부산(20103),20150720,20.4,1,22.1,1,Zero,흐림(운량:8-10),부산,2015,07
12465,남해,부산(20103),20150721,20.4,1,20.8,1,Zero,흐림(운량:8-10),부산,2015,07
12470,남해,부산(20103),20150726,20.2,1,26.2,1,Zero,쾌청(운량:0-2),부산,2015,07
12471,남해,부산(20103),20150727,20.2,1,25.6,1,Zero,쾌청(운량:0-2),부산,2015,07
12472,남해,부산(20103),20150728,21.4,1,25.3,1,Zero,쾌청(운량:0-2),부산,2015,07
12473,남해,부산(20103),20150729,21.4,1,23.8,1,Zero,흐림(운량:8-10),부산,2015,07
12474,남해,부산(20103),20150730,21.2,1,24.1,1,Zero,흐림(운량:8-10),부산,2015,07
12475,남해,부산(20103),20150801,21.0,1,23.0,1,Zero,쾌청(운량:0-2),부산,2015,08
12476,남해,부산(20103),20150802,21.6,1,24.7,1,Zero,쾌청(운량:0-2),부산,2015,08
12477,남해,부산(20103),20150803,21.9,1,24.8,1,Zero,쾌청(운량:0-2),부산,2015,08
12478,남해,부산(20103),20150804,21.5,1,24.3,1,Zero,쾌청(운량:0-2),부산,2015,08
12479,남해,부산(20103),20150805,17.0,1,25.9,1,Zero,쾌청(운량:0-2),부산,2015,08
12480,남해,부산(20103),20150806,19.0,1,24.8,1,Zero,쾌청(운량:0-2),부산,2015,08
12481,남해,부산(20103),20150807,20.1,1,24.9,1,Zero,쾌청(운량:0-2),부산,2015,08
12482,남해,부산(20103),20150808,23.2,1,25.8,1,Zero,쾌청(운량:0-2),부산,2015,08
12483,남해,부산(20103),20150809,25.0,1,26.6,1,Zero,흐림(운량:8-10),부산,2015,08
12484,남해,부산(20103),20150810,25.6,1,27.2,1,Zero,흐림(운량:8-10),부산,2015,08
12485,남해,부산(20103),20150811,26.0,1,28.0,1,Zero,흐림(운량:8-10),부산,2015,08
12486,남해,부산(20103),20150812,22.5,1,22.1,1,Zero,흐림(운량:8-10),부산,2015,08
12488,남해,부산(20103),20150814,22.2,1,26.5,1,Zero,흐림(운량:8-10),부산,2015,08
12489,남해,부산(20103),20150815,21.8,1,25.8,1,Zero,흐림(운량:8-10),부산,2015,08
12490,남해,부산(20103),20150816,23.0,1,25.0,1,Zero,쾌청(운량:0-2),부산,2015,08
12491,남해,부산(20103),20150817,23.0,1,23.9,1,Zero,흐림(운량:8-10),부산,2015,08
12492,남해,부산(20103),20150818,23.0,1,24.6,1,Zero,흐림(운량:8-10),부산,2015,08
12493,남해,부산(20103),20150819,23.2,1,24.9,1,Zero,흐림(운량:8-10),부산,2015,08
12494,남해,부산(20103),20150820,23.2,1,25.2,1,Zero,흐림(운량:8-10),부산,2015,08
12495,남해,부산(20103),20150821,23.3,1,21.4,1,Zero,비,부산,2015,08
12496,남해,부산(20103),20150822,23.3,1,24.7,1,Zero,흐림(운량:8-10),부산,2015,08
12501,남해,부산(20103),20150827,25.0,1,23.2,1,Zero,쾌청(운량:0-2),부산,2015,08
12502,남해,부산(20103),20150828,24.6,1,23.5,1,Zero,쾌청(운량:0-2),부산,2015,08
12503,남해,부산(20103),20150829,24.0,1,24.2,1,Zero,흐림(운량:8-10),부산,2015,08
12504,남해,부산(20103),20150830,24.0,1,22.8,1,Zero,흐림(운량:8-10),부산,2015,08
12506,남해,부산(20103),20150902,23.4,1,22.6,1,Zero,흐림(운량:8-10),부산,2015,09
12507,남해,부산(20103),20150903,23.4,1,23.7,1,Zero,쾌청(운량:0-2),부산,2015,09
12508,남해,부산(20103),20150904,23.2,1,24.1,1,Zero,쾌청(운량:0-2),부산,2015,09
12509,남해,부산(20103),20150905,23.2,1,22.3,1,Zero,흐림(운량:8-10),부산,2015,09
12510,남해,부산(20103),20150906,23.0,1,20.7,1,Zero,흐림(운량:8-10),부산,2015,09
12514,남해,부산(20103),20150910,23.5,1,21.2,1,Zero,쾌청(운량:0-2),부산,2015,09
12515,남해,부산(20103),20150911,23.5,1,21.2,1,Zero,흐림(운량:8-10),부산,2015,09
12516,남해,부산(20103),20150912,23.4,1,22.6,1,Zero,흐림(운량:8-10),부산,2015,09
12517,남해,부산(20103),20150913,23.4,1,18.9,1,Zero,쾌청(운량:0-2),부산,2015,09
12518,남해,부산(20103),20150914,23.2,1,20.8,1,Zero,쾌청(운량:0-2),부산,2015,09
12523,남해,부산(20103),20150919,23.4,1,20.6,1,Zero,흐림(운량:8-10),부산,2015,09
12524,남해,부산(20103),20150920,23.4,1,21.0,1,Zero,쾌청(운량:0-2),부산,2015,09
12525,남해,부산(20103),20150921,24.0,1,21.2,1,Zero,쾌청(운량:0-2),부산,2015,09
12526,남해,부산(20103),20150922,23.8,1,21.4,1,Zero,쾌청(운량:0-2),부산,2015,09
12527,남해,부산(20103),20150923,23.6,1,20.7,1,Zero,흐림(운량:8-10),부산,2015,09
12528,남해,부산(20103),20150924,23.6,1,20.8,1,Zero,흐림(운량:8-10),부산,2015,09
12530,남해,부산(20103),20150926,23.4,1,22.0,1,Zero,쾌청(운량:0-2),부산,2015,09
12531,남해,부산(20103),20150927,23.4,1,21.3,1,Zero,쾌청(운량:0-2),부산,2015,09
12532,남해,부산(20103),20150928,23.4,1,21.0,1,Zero,쾌청(운량:0-2),부산,2015,09
12537,남해,부산(20103),20151003,18.2,1,18.2,1,Zero,쾌청(운량:0-2),부산,2015,10
12538,남해,부산(20103),20151004,18.2,1,18.2,1,Zero,쾌청(운량:0-2),부산,2015,10
12539,남해,부산(20103),20151005,18.2,1,19.1,1,Zero,쾌청(운량:0-2),부산,2015,10
12540,남해,부산(20103),20151006,20.3,1,18.3,1,Zero,흐림(운량:8-10),부산,2015,10
12541,남해,부산(20103),20151007,21.5,1,19.3,1,Zero,쾌청(운량:0-2),부산,2015,10
12542,남해,부산(20103),20151008,21.3,1,19.0,1,Zero,흐림(운량:8-10),부산,2015,10
12543,남해,부산(20103),20151009,20.2,1,19.2,1,Zero,흐림(운량:8-10),부산,2015,10
12545,남해,부산(20103),20151011,20.0,1,13.7,1,Zero,쾌청(운량:0-2),부산,2015,10
12546,남해,부산(20103),20151012,20.5,1,15.6,1,Zero,쾌청(운량:0-2),부산,2015,10
12547,남해,부산(20103),20151013,20.5,1,15.2,1,Zero,쾌청(운량:0-2),부산,2015,10
12548,남해,부산(20103),20151014,20.5,1,17.9,1,Zero,쾌청(운량:0-2),부산,2015,10
12549,남해,부산(20103),20151015,20.6,1,18.7,1,Zero,쾌청(운량:0-2),부산,2015,10
12550,남해,부산(20103),20151016,20.6,1,18.7,1,Zero,쾌청(운량:0-2),부산,2015,10
12552,남해,부산(20103),20151018,20.5,1,19.9,1,Zero,쾌청(운량:0-2),부산,2015,10
12553,남해,부산(20103),20151019,20.0,1,18.8,1,Zero,흐림(운량:8-10),부산,2015,10
12554,남해,부산(20103),20151020,19.8,1,18.7,1,Zero,쾌청(운량:0-2),부산,2015,10
12555,남해,부산(20103),20151021,19.1,1,19.2,1,Zero,쾌청(운량:0-2),부산,2015,10
12557,남해,부산(20103),20151023,20.5,1,17.8,1,Zero,쾌청(운량:0-2),부산,2015,10
12558,남해,부산(20103),20151024,20.5,1,18.2,1,Zero,쾌청(운량:0-2),부산,2015,10
12562,남해,부산(20103),20151028,18.6,1,12.8,1,Zero,쾌청(운량:0-2),부산,2015,10
12563,남해,부산(20103),20151029,18.4,1,14.1,1,Zero,쾌청(운량:0-2),부산,2015,10
12564,남해,부산(20103),20151030,18.2,1,11.7,1,Zero,쾌청(운량:0-2),부산,2015,10
12565,남해,부산(20103),20151031,18.0,1,18.1,1,Zero,쾌청(운량:0-2),부산,2015,10
12566,남해,부산(20103),20151101,18.0,1,11.8,1,Zero,흐림(운량:8-10),부산,2015,11
12567,남해,부산(20103),20151102,16.2,1,11.4,1,Zero,쾌청(운량:0-2),부산,2015,11
12568,남해,부산(20103),20151103,16.2,1,13.7,1,Zero,쾌청(운량:0-2),부산,2015,11
12569,남해,부산(20103),20151104,16.2,1,16.1,1,Zero,쾌청(운량:0-2),부산,2015,11
12570,남해,부산(20103),20151105,16.4,1,17.8,1,Zero,쾌청(운량:0-2),부산,2015,11
12572,남해,부산(20103),20151107,18.0,1,15.6,1,Zero,흐림(운량:8-10),부산,2015,11
12574,남해,부산(20103),20151109,18.2,1,13.9,1,Zero,흐림(운량:8-10),부산,2015,11
12575,남해,부산(20103),20151110,18.0,1,13.3,1,Zero,흐림(운량:8-10),부산,2015,11
12576,남해,부산(20103),20151111,17.8,1,14.8,1,Zero,쾌청(운량:0-2),부산,2015,11
12586,남해,부산(20103),20151121,17.5,1,14.5,1,Zero,흐림(운량:8-10),부산,2015,11
12587,남해,부산(20103),20151122,17.5,1,14.4,1,Zero,흐림(운량:8-10),부산,2015,11
12588,남해,부산(20103),20151123,17.0,1,15.0,1,Zero,흐림(운량:8-10),부산,2015,11
12589,남해,부산(20103),20151124,17.0,1,11.7,1,Zero,흐림(운량:8-10),부산,2015,11
12593,남해,부산(20103),20151128,15.8,1,4.8,1,Zero,쾌청(운량:0-2),부산,2015,11
12594,남해,부산(20103),20151129,16.0,1,8.5,1,Zero,흐림(운량:8-10),부산,2015,11
12595,남해,부산(20103),20151130,16.0,1,11.8,1,Zero,쾌청(운량:0-2),부산,2015,11
12596,남해,부산(20103),20151201,16.0,1,10.4,1,Zero,쾌청(운량:0-2),부산,2015,12
12597,남해,부산(20103),20151202,16.0,1,13.5,1,Zero,흐림(운량:8-10),부산,2015,12
12601,남해,부산(20103),20151206,15.5,1,8.0,1,Zero,흐림(운량:8-10),부산,2015,12
12602,남해,부산(20103),20151207,15.3,1,10.9,1,Zero,쾌청(운량:0-2),부산,2015,12
12603,남해,부산(20103),20151208,15.4,1,10.1,1,Zero,쾌청(운량:0-2),부산,2015,12
12604,남해,부산(20103),20151209,15.8,1,12.4,1,Zero,흐림(운량:8-10),부산,2015,12
12605,남해,부산(20103),20151210,15.8,1,12.5,1,Zero,비,부산,2015,12
12606,남해,부산(20103),20151211,15.5,1,11.5,1,Zero,흐림(운량:8-10),부산,2015,12
12607,남해,부산(20103),20151212,15.4,1,9.2,1,Zero,쾌청(운량:0-2),부산,2015,12
12608,남해,부산(20103),20151213,15.4,1,9.5,1,Zero,흐림(운량:8-10),부산,2015,12
12613,남해,부산(20103),20151218,14.5,1,1.2,1,Zero,쾌청(운량:0-2),부산,2015,12
12614,남해,부산(20103),20151219,14.5,1,5.1,1,Zero,흐림(운량:8-10),부산,2015,12
12615,남해,부산(20103),20151220,14.5,1,10.0,1,Zero,흐림(운량:8-10),부산,2015,12
12616,남해,부산(20103),20151221,14.4,1,8.5,1,Zero,흐림(운량:8-10),부산,2015,12
12617,남해,부산(20103),20151222,14.4,1,7.4,1,Zero,쾌청(운량:0-2),부산,2015,12
12618,남해,부산(20103),20151223,14.4,1,11.0,1,Zero,비,부산,2015,12
12619,남해,부산(20103),20151224,14.3,1,9.3,1,Zero,쾌청(운량:0-2),부산,2015,12
12620,남해,부산(20103),20151225,13.5,1,4.7,1,Zero,쾌청(운량:0-2),부산,2015,12
12624,남해,부산(20103),20151229,14.2,1,0.8,1,Zero,쾌청(운량:0-2),부산,2015,12
12625,남해,부산(20103),20151230,14.5,1,4.2,1,Zero,쾌청(운량:0-2),부산,2015,12
12626,남해,부산(20103),20151231,14.5,1,5.4,1,Zero,쾌청(운량:0-2),부산,2015,12
12627,남해,부산(20103),20160101,14.5,2,3.4,2,Zero,쾌청(운량:0-2),부산,2016,01
12628,남해,부산(20103),20160102,14.4,2,6.6,2,Zero,쾌청(운량:0-2),부산,2016,01
12629,남해,부산(20103),20160103,14.0,2,10.7,2,Zero,흐림(운량:8-10),부산,2016,01
12630,남해,부산(20103),20160104,13.5,2,9.6,2,Zero,쾌청(운량:0-2),부산,2016,01
12631,남해,부산(20103),20160105,13.8,2,7.6,2,Zero,흐림(운량:8-10),부산,2016,01
12632,남해,부산(20103),20160106,14.0,2,3.5,2,Zero,흐림(운량:8-10),부산,2016,01
12633,남해,부산(20103),20160107,14.0,2,2.8,2,Zero,쾌청(운량:0-2),부산,2016,01
12634,남해,부산(20103),20160108,13.8,2,0.9,2,Zero,쾌청(운량:0-2),부산,2016,01
12635,남해,부산(20103),20160109,13.8,2,2.3,2,Zero,쾌청(운량:0-2),부산,2016,01
12636,남해,부산(20103),20160110,13.8,2,2.9,2,Zero,쾌청(운량:0-2),부산,2016,01
12637,남해,부산(20103),20160111,13.7,2,3.5,2,Zero,흐림(운량:8-10),부산,2016,01
12641,남해,부산(20103),20160115,13.0,2,3.1,2,Zero,쾌청(운량:0-2),부산,2016,01
12642,남해,부산(20103),20160116,13.0,2,6.0,2,Zero,흐림(운량:8-10),부산,2016,01
12643,남해,부산(20103),20160117,13.2,2,8.2,2,Zero,흐림(운량:8-10),부산,2016,01
12653,남해,부산(20103),20160127,12.0,2,3.6,2,Zero,쾌청(운량:0-2),부산,2016,01
12654,남해,부산(20103),20160128,12.0,2,6.3,2,Zero,흐림(운량:8-10),부산,2016,01
12657,남해,부산(20103),20160131,12.0,2,3.8,2,,쾌청(운량:0-2),부산,2016,01
12658,남해,부산(20103),20160201,11.8,2,0.6,2,Zero,흐림(운량:8-10),부산,2016,02
12659,남해,부산(20103),20160202,11.8,2,-1.2,2,Zero,쾌청(운량:0-2),부산,2016,02
12660,남해,부산(20103),20160203,11.6,2,-0.5,2,Zero,쾌청(운량:0-2),부산,2016,02
12661,남해,부산(20103),20160204,11.9,2,2.1,2,Zero,쾌청(운량:0-2),부산,2016,02
12662,남해,부산(20103),20160205,11.8,2,3.2,2,Zero,쾌청(운량:0-2),부산,2016,02
12663,남해,부산(20103),20160206,11.8,2,0.7,2,Zero,쾌청(운량:0-2),부산,2016,02
12664,남해,부산(20103),20160207,11.8,2,0.5,2,Zero,흐림(운량:8-10),부산,2016,02
12665,남해,부산(20103),20160208,11.8,2,0.8,2,Zero,쾌청(운량:0-2),부산,2016,02
12666,남해,부산(20103),20160209,11.8,2,4.2,2,Zero,쾌청(운량:0-2),부산,2016,02
12667,남해,부산(20103),20160210,11.8,2,5.7,2,Zero,쾌청(운량:0-2),부산,2016,02
12668,남해,부산(20103),20160211,11.8,2,8.6,2,Zero,쾌청(운량:0-2),부산,2016,02
12674,남해,부산(20103),20160217,11.2,2,1.2,2,Zero,쾌청(운량:0-2),부산,2016,02
12675,남해,부산(20103),20160218,11.2,2,3.2,2,Zero,쾌청(운량:0-2),부산,2016,02
12676,남해,부산(20103),20160219,11.4,2,7.5,2,Zero,쾌청(운량:0-2),부산,2016,02
12677,남해,부산(20103),20160220,11.5,2,6.7,2,Zero,흐림(운량:8-10),부산,2016,02
12679,남해,부산(20103),20160222,11.3,2,5.7,2,Zero,흐림(운량:8-10),부산,2016,02
12680,남해,부산(20103),20160223,11.4,2,7.5,2,Zero,쾌청(운량:0-2),부산,2016,02
12681,남해,부산(20103),20160224,11.2,2,2.2,2,Zero,흐림(운량:8-10),부산,2016,02
12683,남해,부산(20103),20160226,11.6,2,4.4,2,Zero,쾌청(운량:0-2),부산,2016,02
12685,남해,부산(20103),20160228,11.6,2,9.8,2,Zero,흐림(운량:8-10),부산,2016,02
12687,남해,부산(20103),20160301,11.6,2,-2.0,2,Zero,쾌청(운량:0-2),부산,2016,03
12689,남해,부산(20103),20160303,12.0,2,8.9,2,Zero,쾌청(운량:0-2),부산,2016,03
12693,남해,부산(20103),20160307,12.2,2,9.7,2,Zero,흐림(운량:8-10),부산,2016,03
12694,남해,부산(20103),20160308,12.2,2,11.7,2,Zero,흐림(운량:8-10),부산,2016,03
12695,남해,부산(20103),20160309,12.2,2,6.1,2,Zero,흐림(운량:8-10),부산,2016,03
12696,남해,부산(20103),20160310,12.2,2,3.8,2,Zero,흐림(운량:8-10),부산,2016,03
12697,남해,부산(20103),20160311,12.0,2,1.0,2,Zero,쾌청(운량:0-2),부산,2016,03
12698,남해,부산(20103),20160312,12.0,2,3.0,2,Zero,쾌청(운량:0-2),부산,2016,03
12699,남해,부산(20103),20160313,11.8,2,7.4,2,Zero,흐림(운량:8-10),부산,2016,03
12700,남해,부산(20103),20160314,11.8,2,6.2,2,Zero,쾌청(운량:0-2),부산,2016,03
12701,남해,부산(20103),20160315,11.8,2,7.3,2,Zero,쾌청(운량:0-2),부산,2016,03
12702,남해,부산(20103),20160316,11.8,2,9.7,2,Zero,흐림(운량:8-10),부산,2016,03
12703,남해,부산(20103),20160317,11.8,2,10.8,2,Zero,쾌청(운량:0-2),부산,2016,03
12704,남해,부산(20103),20160318,12.2,2,11.9,2,Zero,비,부산,2016,03
12705,남해,부산(20103),20160319,12.2,2,12.5,2,Zero,쾌청(운량:0-2),부산,2016,03
12706,남해,부산(20103),20160320,12.2,2,9.5,2,Zero,흐림(운량:8-10),부산,2016,03
12707,남해,부산(20103),20160321,12.2,2,9.1,2,Zero,쾌청(운량:0-2),부산,2016,03
12708,남해,부산(20103),20160322,12.2,2,9.7,2,Zero,쾌청(운량:0-2),부산,2016,03
12709,남해,부산(20103),20160323,12.2,2,9.7,2,Zero,흐림(운량:8-10),부산,2016,03
12711,남해,부산(20103),20160325,12.4,2,7.1,2,Zero,흐림(운량:8-10),부산,2016,03
12712,남해,부산(20103),20160326,12.5,2,7.3,2,Zero,흐림(운량:8-10),부산,2016,03
12713,남해,부산(20103),20160327,12.5,2,7.1,2,Zero,쾌청(운량:0-2),부산,2016,03
12714,남해,부산(20103),20160328,12.5,2,10.1,2,Zero,쾌청(운량:0-2),부산,2016,03
12717,남해,부산(20103),20160331,12.5,2,13.3,2,,,부산,2016,03
12718,남해,부산(20103),20160401,12.5,2,13.3,2,Zero,쾌청(운량:0-2),부산,2016,04
12719,남해,부산(20103),20160402,12.7,2,11.9,2,Zero,쾌청(운량:0-2),부산,2016,04
12720,남해,부산(20103),20160403,12.7,2,15.4,2,Zero,흐림(운량:8-10),부산,2016,04
12722,남해,부산(20103),20160405,13.5,2,12.3,2,Zero,흐림(운량:8-10),부산,2016,04
12723,남해,부산(20103),20160406,13.6,2,15.3,2,Zero,흐림(운량:8-10),부산,2016,04
12726,남해,부산(20103),20160409,13.6,2,13.9,2,Zero,쾌청(운량:0-2),부산,2016,04
12727,남해,부산(20103),20160410,13.6,2,11.6,2,Zero,쾌청(운량:0-2),부산,2016,04
12731,남해,부산(20103),20160414,14.2,2,15.0,2,Zero,쾌청(운량:0-2),부산,2016,04
12733,남해,부산(20103),20160416,14.0,2,14.1,2,Zero,흐림(운량:8-10),부산,2016,04
12735,남해,부산(20103),20160418,13.5,2,14.0,2,Zero,흐림(운량:8-10),부산,2016,04
12736,남해,부산(20103),20160419,13.5,2,15.0,2,Zero,쾌청(운량:0-2),부산,2016,04
12737,남해,부산(20103),20160420,13.5,2,15.8,2,Zero,쾌청(운량:0-2),부산,2016,04
12741,남해,부산(20103),20160424,13.8,2,16.6,2,Zero,흐림(운량:8-10),부산,2016,04
12742,남해,부산(20103),20160425,14.0,2,13.7,2,Zero,쾌청(운량:0-2),부산,2016,04
12743,남해,부산(20103),20160426,14.0,2,17.9,2,Zero,쾌청(운량:0-2),부산,2016,04
12746,남해,부산(20103),20160429,14.4,2,14.4,2,Zero,쾌청(운량:0-2),부산,2016,04
12747,남해,부산(20103),20160430,14.4,2,15.0,2,Zero,쾌청(운량:0-2),부산,2016,04
12748,남해,부산(20103),20160501,14.4,2,16.9,2,Zero,쾌청(운량:0-2),부산,2016,05
12749,남해,부산(20103),20160502,14.4,2,17.5,2,Zero,쾌청(운량:0-2),부산,2016,05
12754,남해,부산(20103),20160507,15.2,2,19.2,2,Zero,쾌청(운량:0-2),부산,2016,05
12755,남해,부산(20103),20160508,15.2,2,17.2,2,Zero,쾌청(운량:0-2),부산,2016,05
12756,남해,부산(20103),20160509,14.8,2,16.4,2,Zero,흐림(운량:8-10),부산,2016,05
12757,남해,부산(20103),20160510,14.8,2,14.6,2,Zero,비,부산,2016,05
12758,남해,부산(20103),20160511,14.5,2,14.3,2,Zero,흐림(운량:8-10),부산,2016,05
12759,남해,부산(20103),20160512,14.6,2,15.6,2,Zero,쾌청(운량:0-2),부산,2016,05
12760,남해,부산(20103),20160513,15.0,2,17.2,2,Zero,쾌청(운량:0-2),부산,2016,05
12761,남해,부산(20103),20160514,15.2,2,14.6,2,Zero,쾌청(운량:0-2),부산,2016,05
12762,남해,부산(20103),20160515,15.5,2,16.6,2,Zero,흐림(운량:8-10),부산,2016,05
12764,남해,부산(20103),20160517,15.3,2,18.5,2,Zero,쾌청(운량:0-2),부산,2016,05
12765,남해,부산(20103),20160518,15.3,2,17.2,2,Zero,쾌청(운량:0-2),부산,2016,05
12766,남해,부산(20103),20160519,16.0,2,17.6,2,Zero,쾌청(운량:0-2),부산,2016,05
12767,남해,부산(20103),20160520,16.9,2,17.8,2,Zero,쾌청(운량:0-2),부산,2016,05
12768,남해,부산(20103),20160521,16.6,2,17.9,2,Zero,쾌청(운량:0-2),부산,2016,05
12769,남해,부산(20103),20160522,16.5,2,17.8,2,Zero,쾌청(운량:0-2),부산,2016,05
12770,남해,부산(20103),20160523,16.5,2,16.8,2,Zero,쾌청(운량:0-2),부산,2016,05
12771,남해,부산(20103),20160524,17.5,2,19.0,2,Zero,흐림(운량:8-10),부산,2016,05
12772,남해,부산(20103),20160525,17.0,2,17.9,2,Zero,쾌청(운량:0-2),부산,2016,05
12773,남해,부산(20103),20160526,16.5,2,20.5,2,Zero,쾌청(운량:0-2),부산,2016,05
12774,남해,부산(20103),20160527,16.5,2,20.5,2,Zero,쾌청(운량:0-2),부산,2016,05
12775,남해,부산(20103),20160528,16.5,2,18.0,2,Zero,흐림(운량:8-10),부산,2016,05
12776,남해,부산(20103),20160529,16.5,2,19.0,2,Zero,흐림(운량:8-10),부산,2016,05
12777,남해,부산(20103),20160530,16.6,2,21.4,2,Zero,쾌청(운량:0-2),부산,2016,05
12778,남해,부산(20103),20160531,15.5,2,21.4,2,,쾌청(운량:0-2),부산,2016,05
12779,남해,부산(20103),20160601,16.0,2,17.3,2,Zero,쾌청(운량:0-2),부산,2016,06
12781,남해,부산(20103),20160603,17.3,2,21.6,2,Zero,쾌청(운량:0-2),부산,2016,06
12782,남해,부산(20103),20160604,17.3,2,19.0,2,Zero,흐림(운량:8-10),부산,2016,06
12785,남해,부산(20103),20160607,17.9,2,18.7,2,Zero,흐림(운량:8-10),부산,2016,06
12786,남해,부산(20103),20160608,17.8,2,18.5,2,Zero,흐림(운량:8-10),부산,2016,06
12787,남해,부산(20103),20160609,17.2,2,21.4,2,Zero,흐림(운량:8-10),부산,2016,06
12788,남해,부산(20103),20160610,17.2,2,19.8,2,Zero,흐림(운량:8-10),부산,2016,06
12789,남해,부산(20103),20160611,18.0,2,21.5,2,Zero,흐림(운량:8-10),부산,2016,06
12790,남해,부산(20103),20160612,18.0,2,22.2,2,Zero,흐림(운량:8-10),부산,2016,06
12791,남해,부산(20103),20160613,17.2,2,18.4,2,Zero,흐림(운량:8-10),부산,2016,06
12794,남해,부산(20103),20160616,19.0,2,22.3,2,Zero,흐림(운량:8-10),부산,2016,06
12801,남해,부산(20103),20160623,18.5,2,21.3,2,Zero,쾌청(운량:0-2),부산,2016,06
12805,남해,부산(20103),20160627,17.2,2,18.0,2,Zero,안개(Fog),부산,2016,06
12806,남해,부산(20103),20160628,17.0,2,21.5,2,Zero,쾌청(운량:0-2),부산,2016,06
12807,남해,부산(20103),20160629,17.5,2,19.4,2,Zero,흐림(운량:8-10),부산,2016,06
12808,남해,부산(20103),20160630,19.0,2,22.8,2,Zero,흐림(운량:8-10),부산,2016,06
12809,남해,부산(20103),20160701,18.0,2,22.2,2,Zero,비,부산,2016,07
12811,남해,부산(20103),20160703,16.8,2,19.9,2,Zero,흐림(운량:8-10),부산,2016,07
12815,남해,부산(20103),20160707,16.0,2,20.7,2,Zero,흐림(운량:8-10),부산,2016,07
12816,남해,부산(20103),20160708,16.0,2,19.8,2,Zero,흐림(운량:8-10),부산,2016,07
12817,남해,부산(20103),20160709,17.0,2,23.2,2,Zero,쾌청(운량:0-2),부산,2016,07
12818,남해,부산(20103),20160710,17.0,2,25.5,2,Zero,흐림(운량:8-10),부산,2016,07
12819,남해,부산(20103),20160711,17.0,2,23.0,2,Zero,흐림(운량:8-10),부산,2016,07
12820,남해,부산(20103),20160712,16.0,2,23.0,2,Zero,흐림(운량:8-10),부산,2016,07
12823,남해,부산(20103),20160715,19.5,2,22.3,2,Zero,쾌청(운량:0-2),부산,2016,07
12824,남해,부산(20103),20160716,21.0,2,22.1,2,Zero,흐림(운량:8-10),부산,2016,07
12826,남해,부산(20103),20160718,21.0,2,21.8,2,Zero,흐림(운량:8-10),부산,2016,07
12827,남해,부산(20103),20160719,21.0,2,22.5,2,Zero,,부산,2016,07
12829,남해,부산(20103),20160721,23.0,2,22.9,2,Zero,쾌청(운량:0-2),부산,2016,07
12830,남해,부산(20103),20160722,23.0,2,22.8,2,Zero,쾌청(운량:0-2),부산,2016,07
12831,남해,부산(20103),20160723,22.8,2,23.6,2,Zero,쾌청(운량:0-2),부산,2016,07
12832,남해,부산(20103),20160724,21.5,2,25.4,2,Zero,쾌청(운량:0-2),부산,2016,07
12833,남해,부산(20103),20160725,20.8,2,26.6,2,Zero,쾌청(운량:0-2),부산,2016,07
12834,남해,부산(20103),20160726,21.0,2,25.5,2,Zero,쾌청(운량:0-2),부산,2016,07
12835,남해,부산(20103),20160727,21.0,2,26.7,2,Zero,쾌청(운량:0-2),부산,2016,07
12836,남해,부산(20103),20160728,21.0,2,26.0,2,Zero,흐림(운량:8-10),부산,2016,07
12837,남해,부산(20103),20160729,22.0,2,27.7,2,Zero,쾌청(운량:0-2),부산,2016,07
12838,남해,부산(20103),20160730,22.0,2,27.8,2,Zero,쾌청(운량:0-2),부산,2016,07
12839,남해,부산(20103),20160731,22.0,2,29.1,2,,쾌청(운량:0-2),부산,2016,07
12840,남해,부산(20103),20160801,22.0,2,27.0,2,Zero,쾌청(운량:0-2),부산,2016,08
12841,남해,부산(20103),20160802,24.0,2,29.6,2,Zero,쾌청(운량:0-2),부산,2016,08
12842,남해,부산(20103),20160803,25.0,2,26.0,2,Zero,흐림(운량:8-10),부산,2016,08
12843,남해,부산(20103),20160804,22.0,2,26.6,2,Zero,쾌청(운량:0-2),부산,2016,08
12844,남해,부산(20103),20160805,23.5,2,26.3,2,Zero,쾌청(운량:0-2),부산,2016,08
12845,남해,부산(20103),20160806,24.0,2,26.2,2,Zero,쾌청(운량:0-2),부산,2016,08
12846,남해,부산(20103),20160807,24.0,2,27.0,2,Zero,쾌청(운량:0-2),부산,2016,08
12847,남해,부산(20103),20160808,23.5,2,28.1,2,Zero,쾌청(운량:0-2),부산,2016,08
12848,남해,부산(20103),20160809,23.0,2,26.8,2,Zero,쾌청(운량:0-2),부산,2016,08
12849,남해,부산(20103),20160810,25.2,2,27.0,2,Zero,쾌청(운량:0-2),부산,2016,08
12850,남해,부산(20103),20160811,25.0,2,30.5,2,Zero,쾌청(운량:0-2),부산,2016,08
12851,남해,부산(20103),20160812,27.0,2,30.4,2,Zero,쾌청(운량:0-2),부산,2016,08
12852,남해,부산(20103),20160813,27.5,2,30.5,2,Zero,쾌청(운량:0-2),부산,2016,08
12853,남해,부산(20103),20160814,29.0,2,28.5,2,Zero,쾌청(운량:0-2),부산,2016,08
12854,남해,부산(20103),20160815,27.5,2,27.5,2,Zero,쾌청(운량:0-2),부산,2016,08
12855,남해,부산(20103),20160816,25.0,2,27.9,2,Zero,흐림(운량:8-10),부산,2016,08
12856,남해,부산(20103),20160817,24.0,2,27.9,2,Zero,쾌청(운량:0-2),부산,2016,08
12857,남해,부산(20103),20160818,24.0,2,27.2,2,Zero,쾌청(운량:0-2),부산,2016,08
12858,남해,부산(20103),20160819,25.0,2,27.2,2,Zero,쾌청(운량:0-2),부산,2016,08
12859,남해,부산(20103),20160820,26.0,2,27.1,2,Zero,쾌청(운량:0-2),부산,2016,08
12860,남해,부산(20103),20160821,26.0,2,27.4,2,Zero,쾌청(운량:0-2),부산,2016,08
12861,남해,부산(20103),20160822,26.5,2,27.9,2,Zero,쾌청(운량:0-2),부산,2016,08
12862,남해,부산(20103),20160823,27.0,2,26.4,2,Zero,흐림(운량:8-10),부산,2016,08
12863,남해,부산(20103),20160824,26.0,2,25.8,2,Zero,쾌청(운량:0-2),부산,2016,08
12864,남해,부산(20103),20160825,27.0,2,26.7,2,Zero,흐림(운량:8-10),부산,2016,08
12872,남해,부산(20103),20160902,21.0,2,20.7,2,Zero,,부산,2016,09
12875,남해,부산(20103),20160905,23.0,2,24.0,2,Zero,,부산,2016,09
12876,남해,부산(20103),20160906,23.1,2,24.4,2,Zero,,부산,2016,09
12877,남해,부산(20103),20160907,23.9,2,24.2,2,Zero,,부산,2016,09
12878,남해,부산(20103),20160908,23.8,2,25.7,2,Zero,,부산,2016,09
12879,남해,부산(20103),20160909,25.1,2,25.4,2,Zero,,부산,2016,09
12880,남해,부산(20103),20160910,25.3,2,22.7,2,Zero,,부산,2016,09
12881,남해,부산(20103),20160911,25.5,2,24.1,2,Zero,,부산,2016,09
12884,남해,부산(20103),20160914,23.8,2,22.7,2,Zero,,부산,2016,09
12885,남해,부산(20103),20160915,25.0,2,22.8,2,Zero,,부산,2016,09
12893,남해,부산(20103),20160923,23.0,2,21.0,2,Zero,,부산,2016,09
12894,남해,부산(20103),20160924,23.0,2,21.2,2,Zero,,부산,2016,09
12895,남해,부산(20103),20160925,22.9,2,21.5,2,Zero,,부산,2016,09
12896,남해,부산(20103),20160926,22.9,2,21.4,2,Zero,,부산,2016,09
12897,남해,부산(20103),20160927,23.5,2,22.9,2,Zero,,부산,2016,09
12898,남해,부산(20103),20160928,24.0,2,23.0,2,Zero,,부산,2016,09
12901,남해,부산(20103),20161001,23.0,2,20.1,2,Zero,,부산,2016,10
12902,남해,부산(20103),20161002,23.0,2,24.4,2,Zero,,부산,2016,10
12903,남해,부산(20103),20161003,22.8,2,23.3,2,Zero,,부산,2016,10
12904,남해,부산(20103),20161004,23.0,2,23.5,2,Zero,,부산,2016,10
12909,남해,부산(20103),20161009,20.8,2,20.7,2,Zero,,부산,2016,10
12910,남해,부산(20103),20161010,22.5,2,18.3,2,Zero,,부산,2016,10
12911,남해,부산(20103),20161011,22.0,2,18.5,2,Zero,,부산,2016,10
12912,남해,부산(20103),20161012,22.2,2,18.7,2,Zero,,부산,2016,10
12913,남해,부산(20103),20161013,22.1,2,17.9,2,Zero,,부산,2016,10
12914,남해,부산(20103),20161014,20.7,2,17.8,2,Zero,,부산,2016,10
12915,남해,부산(20103),20161015,20.7,2,18.4,2,Zero,,부산,2016,10
12917,남해,부산(20103),20161017,20.0,2,20.2,2,Zero,,부산,2016,10
12918,남해,부산(20103),20161018,20.5,2,20.4,2,Zero,,부산,2016,10
12919,남해,부산(20103),20161019,20.0,2,20.0,2,Zero,,부산,2016,10
12920,남해,부산(20103),20161020,20.0,2,18.4,2,Zero,,부산,2016,10
12925,남해,부산(20103),20161025,20.2,2,19.3,2,Zero,,부산,2016,10
12926,남해,부산(20103),20161026,20.3,2,18.7,2,Zero,,부산,2016,10
12927,남해,부산(20103),20161027,20.2,2,15.8,2,Zero,,부산,2016,10
12931,남해,부산(20103),20161031,20.1,2,9.8,2,Zero,,부산,2016,10
12932,남해,부산(20103),20161101,17.6,2,7.0,2,Zero,,부산,2016,11
12934,남해,부산(20103),20161103,17.2,2,6.0,2,Zero,,부산,2016,11
12935,남해,부산(20103),20161104,17.0,2,14.0,2,Zero,,부산,2016,11
12936,남해,부산(20103),20161105,17.6,2,15.2,2,Zero,,부산,2016,11
12939,남해,부산(20103),20161108,17.5,2,13.3,2,Zero,,부산,2016,11
12940,남해,부산(20103),20161109,17.4,2,10.4,2,Zero,,부산,2016,11
12942,남해,부산(20103),20161111,17.2,2,11.4,2,Zero,,부산,2016,11
12943,남해,부산(20103),20161112,17.3,2,12.8,2,Zero,,부산,2016,11
12944,남해,부산(20103),20161113,17.8,2,15.4,2,Zero,,부산,2016,11
12945,남해,부산(20103),20161114,17.2,2,16.1,2,Zero,,부산,2016,11
12946,남해,부산(20103),20161115,17.2,2,15.3,2,Zero,,부산,2016,11
12947,남해,부산(20103),20161116,17.2,2,10.0,2,Zero,,부산,2016,11
12948,남해,부산(20103),20161117,17.1,2,11.2,2,Zero,,부산,2016,11
12949,남해,부산(20103),20161118,17.0,2,13.6,2,Zero,,부산,2016,11
12951,남해,부산(20103),20161120,17.1,2,17.6,2,Zero,,부산,2016,11
12952,남해,부산(20103),20161121,17.0,2,14.7,2,Zero,,부산,2016,11
12953,남해,부산(20103),20161122,17.0,2,13.1,2,Zero,,부산,2016,11
12954,남해,부산(20103),20161123,17.0,2,7.3,2,Zero,,부산,2016,11
12955,남해,부산(20103),20161124,17.0,2,2.6,2,Zero,,부산,2016,11
12956,남해,부산(20103),20161125,17.0,2,4.5,2,Zero,,부산,2016,11
12957,남해,부산(20103),20161126,16.7,2,3.9,2,Zero,,부산,2016,11
12958,남해,부산(20103),20161127,16.6,2,7.2,2,Zero,,부산,2016,11
12959,남해,부산(20103),20161128,16.6,2,6.7,2,Zero,,부산,2016,11
12960,남해,부산(20103),20161129,16.4,2,6.2,2,Zero,,부산,2016,11
12962,남해,부산(20103),20161201,16.0,2,10.5,2,Zero,,부산,2016,12
12963,남해,부산(20103),20161202,15.5,2,5.8,2,Zero,,부산,2016,12
12964,남해,부산(20103),20161203,16.0,2,8.6,2,Zero,,부산,2016,12
12965,남해,부산(20103),20161204,16.0,2,8.0,2,Zero,,부산,2016,12
12966,남해,부산(20103),20161205,16.2,2,10.0,2,Zero,,부산,2016,12
12967,남해,부산(20103),20161206,15.6,2,3.6,2,Zero,,부산,2016,12
12968,남해,부산(20103),20161207,15.4,2,4.2,2,Zero,,부산,2016,12
12969,남해,부산(20103),20161208,15.3,2,5.8,2,Zero,,부산,2016,12
12970,남해,부산(20103),20161209,15.0,2,5.9,2,Zero,,부산,2016,12
12971,남해,부산(20103),20161210,14.8,2,4.5,2,Zero,,부산,2016,12
12972,남해,부산(20103),20161211,14.2,2,5.0,2,Zero,,부산,2016,12
12973,남해,부산(20103),20161212,14.2,2,6.9,2,Zero,,부산,2016,12
12974,남해,부산(20103),20161213,14.0,2,10.0,2,Zero,,부산,2016,12
12978,남해,부산(20103),20161217,13.8,2,4.7,2,Zero,,부산,2016,12
12979,남해,부산(20103),20161218,14.6,2,6.8,2,Zero,,부산,2016,12
12980,남해,부산(20103),20161219,15.0,2,9.2,2,Zero,,부산,2016,12
12981,남해,부산(20103),20161220,15.0,2,11.6,2,Zero,,부산,2016,12
12982,남해,부산(20103),20161221,15.5,2,12.3,2,Zero,,부산,2016,12
12987,남해,부산(20103),20161226,15.3,2,9.8,2,Zero,,부산,2016,12
